,"('PLAYER',)","('TEAM',)","('AGE',)","('GP',)","('G',)","('Field Goals', '2FG FREQ%')","('Field Goals', '2FGM')","('Field Goals', '2FGA')","('Field Goals', '2FG%')","('Field Goals', '3FG FREQ%')","('2 Point Field Goals', '3PM')","('2 Point Field Goals', '3PA')","('2 Point Field Goals', '3P%')","('2 Point Field Goals', '2FG FREQ%')","('3 Point Field Goals', '2FGM')","('3 Point Field Goals', '2FGA')","('3 Point Field Goals', '2FG%')","('3 Point Field Goals', '3FG FREQ%')"
0,Joel Embiid,PHI,28,68,68,25.1,2.5,4.9,51.6,53.3,22.9,2.4,4.5,53.1,2.2,0.2,0.4,36.7
1,Karl-Anthony Towns,MIN,26,74,73,24.3,2.2,4.0,55.3,57.5,21.7,2.0,3.5,57.0,2.6,0.2,0.4,40.6
2,Anthony Davis,LAL,29,40,39,22.4,1.7,3.9,42.9,43.3,22.2,1.6,3.9,42.9,0.3,0.0,0.1,50.0
3,Devin Booker,PHX,25,67,67,18.6,1.9,3.9,50.0,56.5,12.7,1.4,2.7,53.9,5.9,0.5,1.2,41.5
4,Desmond Bane,MEM,24,76,75,25.2,1.6,3.6,44.4,54.5,13.6,0.9,2.0,44.7,11.5,0.7,1.7,44.1
5,Klay Thompson,GSW,32,32,31,19.0,1.5,3.4,43.5,53.7,9.9,0.8,1.8,44.6,9.2,0.7,1.6,42.3
6,Jayson Tatum,BOS,24,75,73,16.4,1.5,3.4,43.5,50.4,9.2,1.0,1.9,52.8,7.2,0.5,1.5,31.5
7,Giannis Antetokounmpo,MIL,27,67,64,18.1,1.9,3.4,56.0,57.6,15.1,1.8,2.8,63.3,3.0,0.1,0.6,18.9
8,Bam Adebayo,MIA,24,56,55,24.6,1.6,3.2,50.3,50.3,24.3,1.6,3.2,50.8,0.3,0.0,0.0,0.0
9,Julius Randle,NYK,27,71,63,16.2,1.2,2.8,44.4,50.0,11.8,0.9,2.0,45.8,4.4,0.3,0.8,40.7
10,Kevin Durant,BKN,33,55,51,13.6,1.7,2.8,60.5,64.5,11.5,1.4,2.3,62.5,2.2,0.2,0.4,50.0
11,Nikola Jokic,DEN,27,74,68,15.0,1.6,2.7,59.9,60.7,13.9,1.6,2.5,63.2,1.1,0.0,0.2,20.0
12,Jusuf Nurkic,POR,27,56,53,24.5,1.6,2.6,60.5,61.2,24.0,1.6,2.6,60.4,0.5,0.0,0.1,66.7
13,Evan Mobley,CLE,21,69,61,21.4,1.1,2.6,42.1,42.1,21.0,1.1,2.5,43.1,0.5,0.0,0.1,0.0
14,Dillon Brooks,MEM,26,31,29,15.5,1.3,2.5,50.6,55.1,10.4,1.1,1.7,62.3,5.1,0.2,0.8,26.9
15,Miles Bridges,CHA,24,79,68,16.1,1.2,2.4,49.2,54.1,10.9,1.0,1.7,58.0,5.2,0.2,0.8,30.6
16,LeBron James,LAL,37,56,51,11.1,1.4,2.4,58.1,63.6,7.9,1.1,1.7,66.0,3.2,0.3,0.7,38.5
17,Jonas Valanciunas,NOP,30,73,67,19.0,1.4,2.4,56.5,56.5,19.0,1.4,2.4,56.5,0.0,0.0,0.0,-
18,Jarrett Allen,CLE,24,56,49,24.1,1.5,2.3,62.6,62.6,23.9,1.5,2.3,63.1,0.2,0.0,0.0,0.0
19,Brandon Ingram,NOP,24,54,46,12.8,1.2,2.3,51.2,52.0,12.2,1.1,2.2,52.1,0.6,0.0,0.1,33.3
20,Nikola Vucevic,CHI,31,73,70,14.2,1.4,2.3,60.4,60.7,14.0,1.3,2.2,60.9,0.3,0.0,0.0,33.3
21,Jaylen Brown,BOS,25,65,53,12.1,1.1,2.2,46.9,53.1,7.6,0.8,1.4,54.3,4.4,0.3,0.8,34.0
22,Michael Porter Jr.,DEN,24,9,9,19.4,1.1,2.2,50.0,57.5,11.7,0.8,1.3,58.3,7.8,0.3,0.9,37.5
23,Saddiq Bey,DET,23,81,75,16.0,0.8,2.2,35.6,41.1,8.2,0.5,1.1,47.8,7.8,0.3,1.1,22.7
24,John Collins,ATL,24,54,50,18.4,1.1,2.2,48.3,48.3,18.0,1.1,2.1,49.1,0.3,0.0,0.0,0.0
25,Terry Rozier,CHA,28,72,64,13.6,1.1,2.2,48.4,57.3,6.7,0.7,1.1,62.3,6.9,0.4,1.1,35.0
26,Christian Wood,HOU,26,68,58,16.7,1.0,2.2,44.9,47.6,14.0,0.8,1.8,47.2,2.7,0.1,0.3,33.3
27,Mikal Bridges,PHX,25,81,71,20.6,1.4,2.1,63.2,64.9,18.3,1.3,1.9,67.1,2.2,0.1,0.2,31.6
28,Damian Lillard,POR,31,29,25,11.1,0.8,2.1,39.3,54.1,2.4,0.2,0.5,46.2,8.7,0.6,1.7,37.5
29,Kelly Oubre Jr.,CHA,26,75,63,17.0,1.1,2.1,51.6,60.2,9.9,0.7,1.2,59.3,7.2,0.4,0.9,40.9
30,Tyler Herro,MIA,22,66,52,12.1,1.0,2.1,49.3,61.8,6.0,0.5,1.0,49.3,6.1,0.5,1.1,49.3
31,Zach LaVine,CHI,27,67,53,11.6,0.9,2.1,42.8,51.4,5.7,0.5,1.0,52.2,6.0,0.4,1.1,33.8
32,Jimmy Butler,MIA,32,57,50,14.1,0.9,2.0,44.4,45.7,11.6,0.9,1.7,51.0,2.5,0.1,0.4,14.3
33,DeMar DeRozan,CHI,32,76,62,10.1,1.0,2.0,50.3,51.6,9.4,1.0,1.9,51.0,0.7,0.1,0.1,40.0
34,CJ McCollum,NOP,30,62,57,10.7,0.9,2.0,46.4,56.8,5.4,0.5,1.0,50.8,5.3,0.4,1.0,41.9
35,Jerami Grant,DET,28,47,44,13.6,0.9,2.0,43.2,45.3,12.2,0.8,1.8,43.5,1.4,0.1,0.2,40.0
36,Montrezl Harrell,CHA,28,71,62,25.7,1.3,2.0,62.2,62.9,25.2,1.2,2.0,62.1,0.5,0.0,0.0,66.7
37,Melvin Frazier Jr.,OKC,25,3,3,12.5,1.0,2.0,50.0,50.0,12.5,1.0,2.0,50.0,0.0,0.0,0.0,-
38,Reggie Perry,POR,22,10,10,25.3,0.8,2.0,40.0,40.0,22.8,0.8,1.8,44.4,2.5,0.0,0.2,0.0
39,Zavier Simpson,OKC,25,4,3,15.4,0.8,2.0,37.5,37.5,13.5,0.8,1.8,42.9,1.9,0.0,0.3,0.0
40,Kyle Kuzma,WAS,26,66,57,14.0,0.9,2.0,46.6,50.0,10.4,0.8,1.5,53.6,3.6,0.1,0.5,26.5
41,Robin Lopez,ORL,34,36,27,35.5,1.0,2.0,50.7,50.7,35.0,1.0,1.9,51.4,0.5,0.0,0.0,0.0
42,Seth Curry,BKN,31,64,54,17.1,1.0,2.0,50.0,57.9,11.1,0.7,1.3,52.4,6.0,0.3,0.7,45.5
43,Evan Fournier,NYK,29,79,68,16.6,0.8,2.0,41.7,55.1,4.8,0.3,0.6,51.1,11.8,0.5,1.4,37.8
44,Anthony Edwards,MIN,20,72,64,11.4,0.7,2.0,37.3,43.3,5.7,0.5,1.0,50.7,5.7,0.2,1.0,23.9
45,Buddy Hield,IND,29,80,67,14.6,0.7,2.0,36.3,47.5,4.1,0.3,0.6,50.0,10.5,0.4,1.4,31.0
46,Bradley Beal,WAS,29,40,35,10.1,1.0,1.9,51.3,55.1,7.7,0.8,1.5,57.6,2.5,0.1,0.5,31.6
47,Doug McDermott,SAS,30,51,44,21.1,0.9,1.9,48.0,55.6,14.0,0.6,1.3,49.2,7.1,0.3,0.7,45.5
48,Marvin Bagley III,DET,23,48,40,20.6,0.9,1.9,46.7,46.7,20.2,0.9,1.9,47.8,0.4,0.0,0.0,0.0
49,Stephen Curry,GSW,34,64,54,10.0,0.9,1.9,45.1,58.6,3.3,0.3,0.6,55.0,6.7,0.5,1.3,40.2
50,Khris Middleton,MIL,30,66,54,12.2,0.9,1.9,50.4,58.4,7.5,0.7,1.2,55.8,4.7,0.3,0.7,41.7
51,Norman Powell,LAC,29,45,37,14.0,0.9,1.9,48.2,58.8,6.9,0.5,0.9,54.8,7.1,0.4,1.0,41.9
52,Domantas Sabonis,SAC,26,62,54,15.0,1.2,1.9,66.4,66.4,14.6,1.2,1.8,68.1,0.4,0.0,0.1,0.0
53,Jaren Jackson Jr.,MEM,22,77,62,14.1,0.8,1.9,40.3,41.3,12.7,0.7,1.7,42.3,1.4,0.0,0.2,21.4
54,Duncan Robinson,MIA,28,79,65,20.2,0.9,1.9,49.0,69.4,3.0,0.1,0.3,54.5,17.2,0.8,1.6,48.0
55,Gary Trent Jr.,TOR,23,70,59,12.0,0.8,1.9,40.8,48.1,5.2,0.5,0.8,59.6,6.7,0.3,1.0,26.0
56,Keldon Johnson,SAS,22,75,65,13.8,0.9,1.9,50.4,52.9,11.3,0.8,1.5,55.3,2.5,0.1,0.3,28.0
57,Bobby Portis,MIL,27,72,57,15.3,0.9,1.9,49.6,51.5,14.3,0.8,1.7,49.2,1.0,0.1,0.1,55.6
58,Brook Lopez,MIL,34,13,11,18.3,0.8,1.9,45.8,50.0,13.7,0.7,1.4,50.0,4.6,0.1,0.5,33.3
59,Gordon Hayward,CHA,32,48,40,14.7,0.8,1.8,44.3,49.4,11.7,0.6,1.5,42.9,3.0,0.2,0.4,50.0
60,Kevin Love,CLE,33,74,61,17.7,0.7,1.8,40.0,49.6,8.9,0.4,0.9,41.2,8.8,0.3,0.9,38.8
61,Deandre Ayton,PHX,23,58,41,15.2,0.9,1.8,51.4,51.4,14.9,0.9,1.8,52.4,0.3,0.0,0.0,0.0
62,Tyrese Maxey,PHI,21,75,65,13.4,0.9,1.8,49.6,56.4,8.8,0.6,1.2,54.5,4.5,0.2,0.6,40.0
63,Marcus Morris Sr.,LAC,32,53,44,13.9,0.7,1.8,41.5,45.7,10.8,0.6,1.4,42.5,3.1,0.1,0.4,38.1
64,Darius Garland,CLE,22,68,55,10.1,0.8,1.7,44.9,53.8,5.5,0.5,1.0,49.2,4.5,0.3,0.8,39.6
65,Jakob Poeltl,SAS,26,68,53,17.5,1.0,1.7,59.5,59.9,17.3,1.0,1.7,59.1,0.2,0.0,0.0,100
66,Tobias Harris,PHI,29,73,62,12.2,0.9,1.7,54.4,57.6,10.6,0.8,1.5,55.6,1.7,0.1,0.2,47.1
67,Jaylen Hoard,OKC,23,7,5,13.3,0.6,1.7,33.3,37.5,8.9,0.4,1.1,37.5,4.4,0.1,0.6,25.0
68,Devin Vassell,SAS,21,71,62,15.8,0.8,1.7,44.6,46.7,12.6,0.7,1.4,51.0,3.3,0.1,0.3,20.0
69,O.G. Anunoby,TOR,24,48,41,11.5,0.9,1.7,55.0,60.0,7.7,0.8,1.1,66.7,3.7,0.2,0.5,30.8
70,Tim Hardaway Jr.,DAL,30,42,34,13.2,0.6,1.7,37.1,42.9,7.4,0.4,0.9,46.2,5.8,0.2,0.7,25.8
71,Justin Holiday,SAC,33,74,58,18.6,0.6,1.7,36.6,45.9,7.7,0.3,0.7,43.1,10.9,0.3,1.0,31.9
72,Kristaps Porzingis,WAS,26,51,44,11.0,0.7,1.6,41.7,42.3,9.4,0.7,1.4,47.2,1.6,0.0,0.2,8.3
73,Luka Doncic,DAL,23,65,55,7.6,0.7,1.6,39.3,49.5,2.8,0.3,0.6,51.3,4.8,0.3,1.1,32.4
74,Collin Sexton,CLE,23,11,9,12.2,0.7,1.6,44.4,47.2,8.8,0.6,1.2,53.8,3.4,0.1,0.5,20.0
75,Donovan Mitchell,UTA,25,67,54,8.0,0.7,1.6,41.8,52.3,2.6,0.3,0.5,63.9,5.4,0.3,1.1,31.1
76,Jordan Poole,GSW,23,75,61,11.7,0.7,1.6,40.2,48.0,5.7,0.4,0.8,50.0,5.9,0.3,0.8,30.6
77,RJ Barrett,NYK,22,69,61,9.5,0.7,1.6,42.0,46.9,6.6,0.5,1.1,46.2,2.9,0.2,0.5,32.4
78,Kentavious Caldwell-Pope,WAS,29,77,64,14.9,0.7,1.6,46.0,52.4,10.1,0.5,1.1,48.8,4.8,0.2,0.5,40.0
79,Aaron Gordon,DEN,26,75,57,14.4,0.8,1.6,50.0,50.8,12.6,0.8,1.4,55.2,1.8,0.0,0.2,13.3
80,Franz Wagner,ORL,20,79,56,12.9,0.8,1.6,53.2,61.1,8.1,0.6,1.0,59.5,4.8,0.3,0.6,42.6
81,Malik Monk,LAL,24,76,59,14.7,0.8,1.6,50.4,62.8,6.4,0.4,0.7,58.5,8.2,0.4,0.9,44.1
82,Jae'Sean Tate,HOU,26,78,65,16.9,0.8,1.6,51.2,53.3,15.0,0.7,1.4,53.2,1.9,0.1,0.2,35.7
83,Will Barton,DEN,31,71,61,12.5,0.8,1.6,49.1,55.4,8.4,0.6,1.1,54.7,4.1,0.2,0.5,37.8
84,Chris Duarte,IND,25,55,40,14.0,0.7,1.6,44.8,52.3,8.7,0.5,1.0,48.1,5.3,0.2,0.6,39.4
85,Bojan Bogdanovic,UTA,33,69,53,11.5,0.8,1.6,48.6,58.9,5.3,0.4,0.7,61.2,6.2,0.3,0.8,37.9
86,De'Aaron Fox,SAC,24,58,47,8.4,0.7,1.6,43.3,47.2,4.9,0.6,0.9,60.4,3.4,0.1,0.6,18.9
87,Fred VanVleet,TOR,28,65,50,9.1,0.6,1.5,39.0,49.0,3.1,0.3,0.5,55.9,6.0,0.3,1.0,30.3
88,LaMelo Ball,CHA,20,74,54,9.1,0.7,1.5,47.8,54.9,5.7,0.5,1.0,53.5,3.4,0.2,0.6,38.1
89,Terry Taylor,IND,22,33,25,22.8,1.0,1.5,64.0,64.0,21.9,1.0,1.4,66.7,0.9,0.0,0.1,0.0
90,Paul George,LAC,32,31,22,7.4,0.6,1.5,40.4,44.7,5.0,0.5,1.0,46.9,2.4,0.1,0.5,26.7
91,Sekou Doumbouya,LAL,21,2,2,37.5,1.0,1.5,66.7,66.7,37.5,1.0,1.5,66.7,0.0,0.0,0.0,-
92,Harrison Barnes,SAC,30,76,59,13.8,0.8,1.5,50.0,55.7,9.0,0.6,1.0,59.5,4.8,0.2,0.5,32.5
93,Carsen Edwards,DET,24,4,3,20.0,0.3,1.5,16.7,16.7,16.7,0.3,1.3,20.0,3.3,0.0,0.3,0.0
94,LaMarcus Aldridge,BKN,36,47,35,15.3,0.8,1.5,52.9,52.9,15.0,0.8,1.5,53.6,0.2,0.0,0.0,0.0
95,Josh Hart,POR,27,53,44,14.1,0.7,1.5,49.4,55.7,10.2,0.6,1.1,50.9,3.9,0.2,0.4,45.5
96,Terance Mann,LAC,25,80,63,17.3,0.7,1.5,50.0,53.0,13.6,0.7,1.2,55.9,3.7,0.1,0.3,28.0
97,Ja Morant,MEM,22,56,43,7.2,0.7,1.5,45.8,50.0,4.7,0.6,1.0,57.4,2.5,0.1,0.5,24.1
98,Kelly Olynyk,DET,31,40,29,20.6,0.5,1.5,35.6,39.8,12.9,0.4,0.9,43.2,7.7,0.1,0.6,22.7
99,D'Angelo Russell,MIN,26,65,47,9.6,0.6,1.4,42.6,51.6,4.4,0.3,0.7,53.5,5.2,0.3,0.8,33.3
100,Talen Horton-Tucker,LAL,21,60,44,16.2,0.6,1.4,41.4,44.8,10.2,0.5,0.9,54.5,5.9,0.1,0.5,18.8
101,Luke Kennard,LAC,26,70,58,15.8,0.6,1.4,39.6,49.0,7.7,0.3,0.7,42.9,8.1,0.3,0.7,36.5
102,Wendell Carter Jr.,ORL,23,62,45,12.9,0.9,1.4,61.4,62.5,12.2,0.8,1.3,62.7,0.7,0.0,0.1,40.0
103,De'Andre Hunter,ATL,24,53,39,13.0,0.6,1.4,45.3,46.7,11.7,0.6,1.3,47.8,1.4,0.0,0.1,25.0
104,Lonnie Walker IV,SAS,23,70,51,13.0,0.5,1.4,38.4,42.4,8.8,0.4,1.0,44.8,4.2,0.1,0.5,25.0
105,Scottie Barnes,TOR,20,74,58,11.1,0.8,1.4,55.3,57.3,10.0,0.7,1.3,57.0,1.1,0.1,0.1,40.0
106,Andrew Wiggins,GSW,27,72,54,9.9,0.7,1.4,53.5,57.6,8.1,0.6,1.1,55.6,1.8,0.1,0.3,44.4
107,Kevin Huerter,ATL,23,74,53,13.4,0.7,1.4,52.0,59.3,7.8,0.5,0.8,64.4,5.7,0.2,0.6,34.9
108,Brandon Williams,POR,22,24,17,11.7,0.5,1.4,33.3,36.4,6.0,0.4,0.7,52.9,5.7,0.1,0.7,12.5
109,Pascal Siakam,TOR,28,68,46,7.7,0.8,1.4,54.8,57.0,6.9,0.7,1.2,56.6,0.8,0.1,0.1,40.0
110,Cam Reddish,NYK,22,49,32,16.4,0.6,1.4,40.3,44.0,11.3,0.5,0.9,47.8,5.1,0.1,0.4,23.8
111,Braxton Key,DET,25,11,7,20.8,0.9,1.4,66.7,66.7,18.1,0.9,1.2,76.9,2.8,0.0,0.2,0.0
112,Isaiah Stewart,DET,21,70,49,19.6,0.7,1.4,54.7,54.7,19.4,0.7,1.3,55.3,0.2,0.0,0.0,0.0
113,Isaiah Thomas,CHA,33,22,16,18.0,0.6,1.4,43.3,51.7,10.2,0.4,0.8,47.1,7.8,0.2,0.6,38.5
114,Ben McLemore,POR,29,64,45,16.1,0.5,1.4,39.1,50.0,5.2,0.2,0.4,53.6,10.9,0.3,0.9,32.2
115,Onyeka Okongwu,ATL,21,48,38,28.8,0.9,1.4,69.2,69.2,28.8,0.9,1.4,69.2,0.0,0.0,0.0,-
116,Carmelo Anthony,LAL,38,69,49,12.9,0.7,1.4,50.5,54.3,10.0,0.6,1.0,55.6,2.9,0.1,0.3,33.3
117,Patty Mills,BKN,33,81,58,13.7,0.6,1.4,41.3,53.2,4.4,0.2,0.4,54.3,9.3,0.3,0.9,35.1
118,Ricky Rubio,IND,31,34,23,11.2,0.4,1.4,28.3,37.0,4.4,0.1,0.5,27.8,6.8,0.2,0.8,28.6
119,Malik Beasley,MIN,25,79,57,12.4,0.5,1.3,41.0,51.4,4.9,0.3,0.5,50.0,7.4,0.3,0.8,34.9
120,Bogdan Bogdanovic,ATL,29,63,43,10.6,0.5,1.3,40.5,53.0,4.2,0.2,0.5,39.4,6.4,0.3,0.8,41.2
121,Wes Iwundu,ATL,27,3,2,22.2,0.3,1.3,25.0,25.0,22.2,0.3,1.3,25.0,0.0,0.0,0.0,-
122,Nic Claxton,BKN,23,47,35,23.5,0.8,1.3,59.7,59.7,23.5,0.8,1.3,59.7,0.0,0.0,0.0,-
123,Monte Morris,DEN,27,75,50,12.8,0.8,1.3,58.6,64.6,9.7,0.6,1.0,61.3,3.1,0.2,0.3,50.0
124,Drew Eubanks,POR,25,71,46,25.0,0.8,1.3,58.1,58.1,25.0,0.8,1.3,58.1,0.0,0.0,0.0,-
125,Rui Hachimura,WAS,24,42,30,14.5,0.5,1.3,38.2,39.1,13.5,0.5,1.2,39.2,1.1,0.0,0.1,25.0
126,Jalen Suggs,ORL,21,48,36,11.5,0.4,1.3,33.3,35.7,6.4,0.4,0.7,51.4,5.1,0.1,0.6,10.7
127,Draymond Green,GSW,32,46,33,23.3,0.7,1.3,55.0,55.0,23.3,0.7,1.3,55.0,0.0,0.0,0.0,-
128,Terrence Ross,ORL,31,63,41,14.8,0.5,1.3,40.2,46.3,8.0,0.4,0.7,52.3,6.9,0.2,0.6,26.3
129,Jae Crowder,PHX,31,67,53,16.0,0.5,1.3,37.9,41.4,9.9,0.4,0.8,50.0,6.1,0.1,0.5,18.2
130,Reggie Jackson,LAC,32,74,58,8.0,0.4,1.3,33.3,40.1,3.6,0.3,0.6,44.2,4.4,0.2,0.7,24.5
131,Kyrie Irving,BKN,30,29,20,6.0,0.6,1.3,48.6,58.1,2.9,0.4,0.6,61.1,3.1,0.2,0.7,36.8
132,Trae Young,ATL,23,76,53,6.3,0.6,1.3,44.3,49.5,3.9,0.4,0.8,55.0,2.4,0.1,0.5,27.0
133,Chimezie Metu,SAC,25,59,39,16.7,0.6,1.3,44.0,46.0,13.8,0.5,1.1,48.4,2.9,0.1,0.2,23.1
134,Jalen Green,HOU,20,67,48,8.8,0.7,1.3,52.4,60.1,5.1,0.5,0.7,63.3,3.7,0.2,0.5,37.1
135,Richaun Holmes,SAC,28,44,32,19.0,0.7,1.3,52.7,52.7,19.0,0.7,1.3,52.7,0.0,0.0,0.0,-
136,Gabriel Lundberg,PHX,27,4,3,26.3,0.0,1.3,0.0,0.0,21.1,0.0,1.0,0.0,5.3,0.0,0.3,0.0
137,Jaden McDaniels,MIN,21,70,54,15.7,0.7,1.2,58.6,61.5,13.5,0.7,1.1,61.3,2.2,0.1,0.2,41.7
138,Josh Giddey,OKC,19,54,35,10.0,0.6,1.2,49.3,55.2,6.7,0.5,0.8,55.6,3.3,0.1,0.4,36.4
139,Dejounte Murray,SAS,25,68,46,6.8,0.6,1.2,48.8,54.2,4.8,0.5,0.9,53.3,1.9,0.1,0.3,37.5
140,Terence Davis,SAC,25,29,19,14.0,0.5,1.2,41.7,51.4,6.2,0.3,0.6,50.0,7.8,0.2,0.7,35.0
141,Hamidou Diallo,DET,23,57,35,13.6,0.8,1.2,61.4,62.9,12.5,0.7,1.1,64.1,1.2,0.0,0.1,33.3
142,Anfernee Simons,POR,23,57,44,8.8,0.3,1.2,28.6,34.3,3.8,0.2,0.5,40.0,5.0,0.1,0.7,20.0
143,Brandon Clarke,MEM,25,63,43,17.6,0.7,1.2,58.4,58.4,17.6,0.7,1.2,58.4,0.0,0.0,0.0,-
144,Tyrese Haliburton,IND,22,76,52,10.4,0.7,1.2,55.9,69.9,3.9,0.3,0.5,74.3,6.5,0.3,0.8,44.8
145,Russell Westbrook,LAL,33,78,55,7.7,0.6,1.2,45.3,48.4,5.9,0.5,0.9,50.7,1.8,0.1,0.3,27.3
146,Jordan Clarkson,UTA,30,79,54,8.6,0.5,1.2,42.7,56.8,2.4,0.2,0.3,51.9,6.2,0.3,0.9,39.1
147,Kemba Walker,NYK,32,37,27,12.2,0.4,1.2,33.3,44.4,3.5,0.1,0.3,38.5,8.6,0.3,0.9,31.3
148,Tristan Thompson,CHI,31,56,39,25.8,0.7,1.2,58.8,58.8,25.4,0.7,1.2,59.7,0.4,0.0,0.0,0.0
149,Frank Jackson,DET,24,53,38,13.3,0.6,1.2,46.9,55.5,5.4,0.4,0.5,73.1,7.9,0.2,0.7,28.9
150,Willy Hernangomez,NOP,28,50,33,18.4,0.7,1.2,61.7,62.5,17.5,0.7,1.1,63.2,0.9,0.0,0.1,33.3
151,Wenyen Gabriel,LAL,25,25,17,27.8,0.7,1.2,56.7,58.3,26.9,0.6,1.2,55.2,0.9,0.0,0.0,100
152,Ivica Zubac,LAC,25,76,59,18.4,0.6,1.2,51.6,51.6,18.4,0.6,1.2,51.6,0.0,0.0,0.0,-
153,Kevin Porter Jr.,HOU,22,61,44,9.0,0.5,1.2,42.5,53.4,3.7,0.3,0.5,50.0,5.3,0.3,0.7,37.2
154,Danilo Gallinari,ATL,33,66,48,13.2,0.4,1.2,36.7,39.9,8.4,0.4,0.8,48.0,4.9,0.1,0.4,17.2
155,Caris LeVert,CLE,27,58,39,8.1,0.4,1.2,34.8,36.2,5.2,0.4,0.8,50.0,2.9,0.0,0.4,8.0
156,Trey Lyles,SAC,26,74,53,15.7,0.6,1.2,47.1,48.3,13.5,0.5,1.0,52.0,2.2,0.0,0.2,16.7
157,Immanuel Quickley,NYK,23,77,51,12.8,0.6,1.2,46.2,62.6,3.5,0.2,0.3,48.0,9.3,0.4,0.9,45.5
158,Markieff Morris,MIA,32,17,14,17.5,0.3,1.2,30.0,30.0,15.8,0.3,1.1,33.3,1.8,0.0,0.1,0.0
159,JaVale McGee,PHX,34,74,49,18.8,0.7,1.2,59.3,59.9,18.3,0.7,1.1,59.5,0.4,0.0,0.0,50.0
160,Luguentz Dort,OKC,23,51,37,8.1,0.6,1.2,54.2,68.6,3.4,0.3,0.5,60.0,4.7,0.3,0.7,50.0
161,Andre Drummond,BKN,28,73,47,19.6,0.6,1.2,49.4,49.4,19.2,0.6,1.1,50.6,0.5,0.0,0.0,0.0
162,Jarred Vanderbilt,MIN,23,74,45,23.3,0.6,1.1,52.4,52.4,23.3,0.6,1.1,52.4,0.0,0.0,0.0,-
163,Zach Collins,SAS,24,28,17,20.6,0.5,1.1,46.9,46.9,20.6,0.5,1.1,46.9,0.0,0.0,0.0,-
164,James Harden,PHI,32,65,44,7.5,0.4,1.1,37.8,49.3,2.4,0.2,0.4,45.8,5.0,0.3,0.8,34.0
165,Precious Achiuwa,TOR,22,73,52,13.8,0.4,1.1,33.7,34.3,12.8,0.4,1.1,35.1,1.0,0.0,0.1,16.7
166,Damian Jones,SAC,27,55,34,23.3,0.7,1.1,64.5,64.5,22.6,0.7,1.1,66.7,0.8,0.0,0.0,0.0
167,Kenyon Martin Jr.,HOU,21,79,56,17.0,0.7,1.1,59.6,60.1,16.3,0.7,1.1,61.2,0.8,0.0,0.1,25.0
168,Steven Adams,MEM,28,75,51,22.3,0.6,1.1,55.3,55.3,22.0,0.6,1.1,56.0,0.3,0.0,0.0,0.0
169,Jrue Holiday,MIL,32,67,50,8.0,0.6,1.1,51.3,59.9,4.4,0.4,0.6,61.9,3.6,0.2,0.5,38.2
170,Tre Mann,OKC,21,60,38,11.6,0.4,1.1,32.4,39.7,5.3,0.2,0.5,38.7,6.3,0.2,0.6,27.0
171,Myles Turner,IND,26,42,26,11.9,0.7,1.1,59.6,62.8,9.4,0.6,0.9,67.6,2.5,0.1,0.2,30.0
172,Kyle Lowry,MIA,36,63,41,11.2,0.5,1.1,48.6,65.0,3.0,0.2,0.3,57.9,8.1,0.4,0.8,45.1
173,Lonzo Ball,CHI,24,35,25,10.2,0.4,1.1,33.3,44.9,3.1,0.1,0.3,33.3,7.0,0.3,0.8,33.3
174,Nickeil Alexander-Walker,UTA,23,64,40,10.6,0.3,1.1,31.0,37.3,5.7,0.2,0.6,34.2,4.9,0.1,0.5,27.3
175,Gary Harris,ORL,27,61,41,12.1,0.6,1.1,50.7,54.5,8.5,0.5,0.8,61.7,3.6,0.1,0.3,25.0
176,Mike Conley,UTA,34,72,51,10.0,0.5,1.1,49.4,66.5,2.2,0.2,0.2,70.6,7.8,0.4,0.9,43.5
177,Alperen Sengun,HOU,19,72,44,15.0,0.5,1.1,49.4,50.0,12.8,0.5,0.9,56.7,2.3,0.0,0.2,8.3
178,Herbert Jones,NOP,23,77,51,14.8,0.6,1.1,57.1,57.1,14.3,0.6,1.1,59.3,0.5,0.0,0.0,0.0
179,Furkan Korkmaz,PHI,24,67,44,15.5,0.5,1.1,46.6,56.8,7.2,0.3,0.5,55.9,8.3,0.2,0.6,38.5
180,Caleb Martin,MIA,26,60,35,15.9,0.6,1.1,58.5,63.8,12.0,0.5,0.8,63.3,3.9,0.1,0.3,43.8
181,Bruce Brown,BKN,25,72,43,15.4,0.6,1.1,52.6,52.6,15.4,0.6,1.1,52.6,0.0,0.0,0.0,-
182,Kira Lewis Jr.,NOP,21,24,15,17.8,0.5,1.1,42.3,48.1,10.3,0.3,0.6,53.3,7.5,0.1,0.5,27.3
183,Bryn Forbes,DEN,28,75,44,15.1,0.5,1.1,42.0,48.1,9.9,0.3,0.7,45.3,5.2,0.1,0.4,35.7
184,Damion Lee,GSW,29,62,41,17.7,0.7,1.1,60.6,66.7,13.7,0.5,0.8,62.7,4.0,0.1,0.2,53.3
185,Dennis Schroder,HOU,28,63,38,9.4,0.6,1.1,55.2,59.7,7.6,0.5,0.9,57.4,1.8,0.1,0.2,46.2
186,P.J. Washington,CHA,23,65,45,12.9,0.5,1.1,44.9,50.7,8.1,0.3,0.7,53.5,4.9,0.1,0.4,30.8
187,Brandon Boston Jr.,LAC,20,50,31,17.2,0.4,1.1,37.7,39.6,12.7,0.4,0.8,46.2,4.5,0.0,0.3,14.3
188,Duane Washington Jr.,IND,22,48,29,11.9,0.3,1.1,33.3,41.2,7.0,0.2,0.6,30.0,4.9,0.2,0.4,38.1
189,Wayne Ellington,LAL,34,43,25,19.0,0.4,1.1,35.6,47.8,3.0,0.1,0.2,71.4,16.0,0.3,0.9,28.9
190,Naz Reid,MIN,22,77,49,16.8,0.5,1.0,47.5,47.5,16.1,0.5,1.0,49.4,0.6,0.0,0.0,0.0
191,Oshae Brissett,IND,24,67,37,13.8,0.5,1.0,44.3,46.4,11.5,0.4,0.9,48.3,2.4,0.0,0.2,25.0
192,Alec Burks,NYK,30,80,47,11.6,0.4,1.0,36.1,43.4,6.3,0.2,0.6,40.0,5.3,0.1,0.5,31.6
193,Clint Capela,ATL,28,74,47,12.6,0.5,1.0,48.7,48.7,12.6,0.5,1.0,48.7,0.0,0.0,0.0,-
194,Ziaire Williams,MEM,20,61,37,15.1,0.5,1.0,47.6,51.6,11.5,0.4,0.8,52.1,3.6,0.1,0.3,33.3
195,Cade Cunningham,DET,20,63,39,6.4,0.4,1.0,40.0,46.2,4.2,0.3,0.7,42.9,2.3,0.1,0.4,34.8
196,Cole Anthony,ORL,22,65,43,7.3,0.4,1.0,38.8,45.5,3.9,0.3,0.6,47.2,3.4,0.1,0.5,29.0
197,Devonte' Graham,NOP,27,75,49,9.6,0.3,1.0,32.5,39.0,3.4,0.2,0.4,55.6,6.2,0.1,0.7,20.0
198,Otto Porter Jr.,GSW,29,62,41,15.3,0.5,1.0,49.2,54.8,12.4,0.4,0.8,47.1,2.9,0.1,0.2,58.3
199,Jeff Green,DEN,35,75,51,14.4,0.5,1.0,48.7,50.0,13.0,0.5,0.9,50.7,1.3,0.0,0.1,28.6
200,Paris Bass,PHX,26,1,1,25.0,1.0,1.0,100.0,100.0,25.0,1.0,1.0,100,0.0,0.0,0.0,-
201,Cameron Oliver,ATL,25,2,2,13.3,1.0,1.0,100.0,100.0,13.3,1.0,1.0,100,0.0,0.0,0.0,-
202,D.J. Wilson,TOR,26,4,3,26.7,0.8,1.0,75.0,75.0,20.0,0.8,0.8,100,6.7,0.0,0.3,0.0
203,Patrick Williams,CHI,20,17,11,16.7,0.7,1.0,64.7,67.6,14.7,0.6,0.9,66.7,2.0,0.1,0.1,50.0
204,Isaiah Roby,OKC,24,45,28,13.9,0.6,1.0,64.4,71.1,11.1,0.5,0.8,63.9,2.8,0.1,0.2,66.7
205,Cedi Osman,CLE,27,66,39,11.5,0.6,1.0,57.6,67.4,7.5,0.4,0.7,58.1,4.0,0.2,0.3,56.5
206,Frank Kaminsky,PHX,29,9,5,13.8,0.6,1.0,55.6,55.6,13.8,0.6,1.0,55.6,0.0,0.0,0.0,-
207,Cam Thomas,BKN,20,67,35,13.3,0.6,1.0,55.2,59.0,9.5,0.5,0.7,66.7,3.8,0.1,0.3,26.3
208,Mason Jones,LAL,23,4,3,26.7,0.5,1.0,50.0,62.5,13.3,0.3,0.5,50.0,13.3,0.3,0.5,50.0
209,DeMarcus Cousins,DEN,31,48,28,14.8,0.5,1.0,50.0,51.0,13.0,0.5,0.9,54.8,1.9,0.0,0.1,16.7
210,De'Anthony Melton,MEM,24,72,40,10.5,0.4,1.0,38.9,44.4,6.4,0.3,0.6,45.5,4.1,0.1,0.4,28.6
211,KZ Okpala,MIA,23,21,10,30.4,0.4,1.0,38.1,38.1,29.0,0.4,0.9,40.0,1.4,0.0,0.1,0.0
212,Isaiah Jackson,IND,20,36,21,17.5,0.4,1.0,36.1,37.5,16.5,0.3,0.9,35.3,1.0,0.0,0.1,50.0
213,Darren Collison,LAL,34,3,2,42.9,0.3,1.0,33.3,33.3,42.9,0.3,1.0,33.3,0.0,0.0,0.0,-
214,Shaq Buchanan,MEM,25,2,2,50.0,0.0,1.0,0.0,0.0,25.0,0.0,0.5,0.0,25.0,0.0,0.5,0.0
215,Cheick Diallo,DET,25,3,2,37.5,0.0,1.0,0.0,0.0,37.5,0.0,1.0,0.0,0.0,0.0,0.0,-
216,Chuma Okeke,ORL,23,70,42,12.0,0.4,1.0,37.7,45.7,5.7,0.2,0.5,45.5,6.3,0.2,0.5,30.6
217,Rudy Gay,UTA,35,55,34,14.2,0.4,1.0,42.6,47.2,10.0,0.3,0.7,47.4,4.2,0.1,0.3,31.3
218,Cameron Johnson,PHX,26,65,47,10.8,0.4,1.0,40.6,43.0,8.6,0.3,0.8,45.1,2.2,0.1,0.2,23.1
219,Armoni Brooks,TOR,24,54,28,18.3,0.3,1.0,32.1,46.2,2.4,0.0,0.1,28.6,15.9,0.3,0.8,32.6
220,Ayo Dosunmu,CHI,22,77,48,14.0,0.5,1.0,54.7,55.3,13.5,0.5,0.9,55.6,0.6,0.0,0.0,33.3
221,Jordan Nwora,MIL,23,62,36,13.0,0.5,1.0,51.7,56.7,9.7,0.4,0.7,55.6,3.2,0.1,0.2,40.0
222,Grayson Allen,MIL,26,66,42,11.2,0.5,1.0,50.0,69.5,2.6,0.1,0.2,46.7,8.6,0.4,0.7,51.0
223,Garrison Mathews,HOU,25,65,40,13.7,0.3,1.0,34.9,46.8,3.3,0.1,0.2,46.7,10.4,0.2,0.7,31.3
224,Kevon Looney,GSW,26,81,51,21.8,0.5,1.0,55.1,55.1,21.8,0.5,1.0,55.1,0.0,0.0,0.0,-
225,Nassir Little,POR,22,42,26,12.7,0.5,0.9,47.5,51.3,9.2,0.4,0.7,55.2,3.5,0.1,0.3,27.3
226,Thaddeus Young,TOR,34,52,29,17.9,0.5,0.9,57.1,58.2,16.8,0.5,0.9,58.7,1.1,0.0,0.1,33.3
227,Kyle Anderson,MEM,28,69,41,13.9,0.5,0.9,52.3,53.8,11.7,0.5,0.8,58.2,2.1,0.0,0.1,20.0
228,Max Strus,MIA,26,68,40,11.3,0.4,0.9,43.8,57.8,3.5,0.1,0.3,50.0,7.8,0.3,0.7,40.9
229,Greg Monroe,MIN,32,14,8,22.8,0.5,0.9,53.8,53.8,22.8,0.5,0.9,53.8,0.0,0.0,0.0,-
230,Larry Nance Jr.,NOP,29,46,28,17.4,0.5,0.9,53.5,53.5,17.0,0.5,0.9,54.8,0.4,0.0,0.0,0.0
231,Lauri Markkanen,CLE,25,61,33,8.1,0.4,0.9,42.1,42.1,7.4,0.4,0.8,46.2,0.7,0.0,0.1,0.0
232,Jabari Parker,BOS,27,12,6,28.9,0.6,0.9,63.6,63.6,26.3,0.6,0.8,70.0,2.6,0.0,0.1,0.0
233,Coby White,CHI,22,61,34,8.7,0.4,0.9,46.4,54.5,4.5,0.3,0.5,58.6,4.2,0.1,0.4,33.3
234,Kenrich Williams,OKC,27,49,30,14.2,0.4,0.9,40.0,45.6,9.1,0.3,0.6,44.8,5.0,0.1,0.3,31.3
235,Alex Len,SAC,29,39,22,20.5,0.3,0.9,33.3,33.3,20.5,0.3,0.9,33.3,0.0,0.0,0.0,-
236,Taurean Prince,MIN,28,69,40,15.9,0.5,0.9,54.8,58.1,11.0,0.4,0.6,69.8,4.9,0.1,0.3,21.1
237,Xavier Moon,LAC,27,10,3,17.6,0.4,0.9,44.4,44.4,13.7,0.4,0.7,57.1,3.9,0.0,0.2,0.0
238,Markelle Fultz,ORL,24,18,10,9.1,0.4,0.9,50.0,50.0,9.1,0.4,0.9,50.0,0.0,0.0,0.0,-
239,Derrick Rose,NYK,33,26,13,8.4,0.5,0.9,52.2,60.9,5.1,0.3,0.5,57.1,3.3,0.1,0.3,44.4
240,Jalen Smith,IND,22,50,25,13.2,0.4,0.9,50.0,50.0,12.6,0.4,0.8,52.4,0.6,0.0,0.0,0.0
241,Cameron Payne,PHX,27,57,30,8.7,0.4,0.9,42.0,48.0,4.8,0.3,0.5,53.6,3.8,0.1,0.4,27.3
242,Isaac Okoro,CLE,21,67,41,13.5,0.5,0.9,60.3,60.3,12.3,0.5,0.8,66.0,1.2,0.0,0.1,0.0
243,Jonathan Kuminga,GSW,19,69,36,13.5,0.5,0.9,53.3,55.8,11.0,0.4,0.7,59.2,2.5,0.0,0.2,27.3
244,Derrick White,BOS,27,75,45,8.1,0.4,0.9,43.1,47.7,4.8,0.3,0.5,57.9,3.4,0.1,0.4,22.2
245,Darius Bazley,OKC,22,69,38,9.1,0.5,0.9,57.6,61.0,7.3,0.4,0.7,63.8,1.9,0.1,0.2,33.3
246,Hassan Whiteside,UTA,33,65,34,17.0,0.5,0.9,51.8,51.8,17.0,0.5,0.9,51.8,0.0,0.0,0.0,-
247,Shai Gilgeous-Alexander,OKC,23,56,36,4.6,0.4,0.9,45.8,52.1,2.2,0.3,0.4,69.6,2.4,0.1,0.5,24.0
248,Jalen Brunson,DAL,25,79,49,6.7,0.4,0.9,42.6,47.8,4.0,0.3,0.5,55.0,2.8,0.1,0.3,25.0
249,T.J. McConnell,IND,30,27,15,11.1,0.5,0.8,60.9,63.0,10.1,0.5,0.8,61.9,1.0,0.0,0.1,50.0
250,Xavier Tillman,MEM,23,53,30,20.8,0.5,0.8,53.3,53.3,19.4,0.5,0.8,57.1,1.4,0.0,0.1,0.0
251,Mo Bamba,ORL,24,71,43,9.7,0.3,0.8,40.0,40.0,8.4,0.3,0.7,46.2,1.3,0.0,0.1,0.0
252,Landry Shamet,PHX,25,69,39,12.0,0.3,0.8,34.5,44.8,3.7,0.1,0.3,44.4,8.2,0.2,0.6,30.0
253,Joe Ingles,POR,34,45,30,13.3,0.3,0.8,31.6,35.5,5.6,0.2,0.4,56.3,7.7,0.1,0.5,13.6
254,Matt Thomas,CHI,27,40,18,24.6,0.4,0.8,51.5,63.6,11.2,0.2,0.4,60.0,13.4,0.2,0.5,44.4
255,Trendon Watford,POR,21,48,26,15.0,0.4,0.8,47.5,47.5,15.0,0.4,0.8,47.5,0.0,0.0,0.0,-
256,Royce O'Neale,UTA,29,77,43,14.0,0.5,0.8,58.1,66.1,9.2,0.3,0.5,63.4,4.7,0.1,0.3,47.6
257,Eric Bledsoe,POR,32,53,26,9.5,0.4,0.8,48.8,50.0,8.1,0.4,0.7,54.1,1.3,0.0,0.1,16.7
258,Gabe Vincent,MIA,26,68,36,10.7,0.4,0.8,49.1,62.7,3.7,0.2,0.3,63.2,7.0,0.2,0.5,41.7
259,Chris Boucher,TOR,29,80,44,11.3,0.3,0.8,38.5,39.2,10.3,0.3,0.7,40.7,1.0,0.0,0.1,16.7
260,Malcolm Brogdon,IND,29,36,17,5.3,0.3,0.8,31.0,37.9,2.0,0.1,0.3,45.5,3.3,0.1,0.5,22.2
261,Jared Harper,NOP,24,5,2,15.4,0.6,0.8,75.0,87.5,7.7,0.4,0.4,100,7.7,0.2,0.4,50.0
262,DeAndre' Bembry,MIL,27,56,28,20.3,0.4,0.8,53.3,53.3,20.3,0.4,0.8,53.3,0.0,0.0,0.0,-
263,Svi Mykhailiuk,TOR,25,56,28,19.2,0.4,0.8,46.7,57.8,8.5,0.2,0.4,55.0,10.7,0.2,0.5,40.0
264,Kelan Martin,BOS,26,30,17,14.0,0.3,0.8,37.5,41.7,11.1,0.2,0.6,36.8,2.9,0.1,0.2,40.0
265,Devin Cannady,ORL,26,5,3,9.1,0.2,0.8,25.0,37.5,4.5,0.0,0.4,0.0,4.5,0.2,0.4,50.0
266,Brandon Knight,DAL,30,5,4,16.0,0.0,0.8,0.0,0.0,0.0,0.0,0.0,-,16.0,0.0,0.8,0.0
267,Al Horford,BOS,36,68,37,9.6,0.4,0.8,50.0,52.8,9.1,0.3,0.8,47.1,0.5,0.0,0.0,100
268,Reggie Bullock,DAL,31,68,36,10.8,0.3,0.8,44.4,48.1,6.4,0.3,0.5,62.5,4.4,0.1,0.3,18.2
269,Justise Winslow,POR,26,47,24,14.5,0.3,0.8,43.2,44.6,14.1,0.3,0.8,41.7,0.4,0.0,0.0,100
270,Day'Ron Sharpe,BKN,20,32,17,16.8,0.5,0.8,60.0,60.0,16.8,0.5,0.8,60.0,0.0,0.0,0.0,-
271,Shake Milton,PHI,25,55,33,10.7,0.4,0.8,51.2,60.5,6.9,0.3,0.5,50.0,3.7,0.1,0.3,53.3
272,Rudy Gobert,UTA,30,66,36,10.0,0.5,0.8,60.8,60.8,10.0,0.5,0.8,60.8,0.0,0.0,0.0,-
273,P.J. Tucker,MIA,37,71,32,12.9,0.4,0.8,56.4,58.2,11.9,0.4,0.7,56.9,0.9,0.0,0.1,50.0
274,Serge Ibaka,MIL,32,53,27,14.2,0.4,0.8,53.7,56.1,13.2,0.4,0.7,52.6,1.0,0.0,0.1,66.7
275,Jeremy Lamb,SAC,30,56,27,12.4,0.3,0.8,34.9,45.3,6.3,0.1,0.4,27.3,6.1,0.2,0.4,42.9
276,David Nwaba,HOU,29,46,24,19.9,0.4,0.8,54.3,55.7,19.3,0.4,0.7,52.9,0.6,0.0,0.0,100
277,Grant Williams,BOS,23,76,39,13.5,0.4,0.8,53.4,58.6,9.8,0.3,0.6,59.5,3.7,0.1,0.2,37.5
278,Daniel Gafford,WAS,23,72,36,13.4,0.4,0.8,50.9,50.9,13.4,0.4,0.8,50.9,0.0,0.0,0.0,-
279,Marcus Smart,BOS,28,70,38,7.5,0.4,0.8,47.2,51.9,5.0,0.3,0.5,57.1,2.6,0.1,0.3,27.8
280,Goran Dragic,BKN,36,21,10,10.6,0.2,0.8,25.0,28.1,6.6,0.1,0.5,30.0,4.0,0.1,0.3,16.7
281,Jaxson Hayes,NOP,22,69,36,13.1,0.5,0.8,67.3,68.3,12.6,0.5,0.7,68.0,0.5,0.0,0.0,50.0
282,Moritz Wagner,ORL,25,63,32,11.9,0.4,0.8,59.6,60.6,10.1,0.4,0.6,67.5,1.8,0.0,0.1,14.3
283,Stanley Johnson,LAL,26,48,24,14.3,0.4,0.8,50.0,54.2,12.4,0.3,0.7,48.4,2.0,0.1,0.1,60.0
284,Jaylen Nowell,MIN,22,62,31,11.1,0.4,0.7,54.3,59.8,7.7,0.3,0.5,62.5,3.4,0.1,0.2,35.7
285,Cody Martin,CHA,26,70,39,12.4,0.4,0.7,51.9,53.8,11.2,0.4,0.7,53.2,1.2,0.0,0.1,40.0
286,Austin Reaves,LAL,24,61,29,14.2,0.3,0.7,46.7,51.1,7.9,0.3,0.4,68.0,6.3,0.1,0.3,20.0
287,Josh Jackson,SAC,25,50,25,12.8,0.3,0.7,43.2,47.3,8.7,0.3,0.5,52.0,4.2,0.1,0.2,25.0
288,Marquese Chriss,DAL,24,34,18,18.7,0.2,0.7,28.0,30.0,15.7,0.2,0.6,28.6,3.0,0.0,0.1,25.0
289,Lamar Stevens,CLE,24,63,27,14.4,0.4,0.7,58.7,58.7,14.1,0.4,0.7,60.0,0.3,0.0,0.0,0.0
290,Blake Griffin,BKN,33,56,32,13.1,0.4,0.7,56.1,61.0,9.6,0.3,0.5,63.3,3.5,0.1,0.2,36.4
291,Dewayne Dedmon,MIA,32,67,30,16.9,0.4,0.7,53.1,53.1,16.2,0.4,0.7,55.3,0.7,0.0,0.0,0.0
292,Quinndary Weatherspoon,GSW,25,11,4,38.1,0.4,0.7,50.0,50.0,28.6,0.4,0.6,66.7,9.5,0.0,0.2,0.0
293,Javonte Green,CHI,28,65,34,14.5,0.5,0.7,61.7,62.8,13.8,0.4,0.7,62.2,0.6,0.0,0.0,50.0
294,Tyus Jones,MEM,26,72,37,9.5,0.4,0.7,61.5,64.4,8.3,0.4,0.6,64.4,1.3,0.0,0.1,42.9
295,Lindy Waters III,OKC,24,25,12,10.3,0.4,0.7,55.6,75.0,2.9,0.1,0.2,60.0,7.4,0.3,0.5,53.8
296,Bones Hyland,DEN,21,69,34,8.8,0.4,0.7,50.0,61.0,3.9,0.2,0.3,63.6,4.9,0.2,0.4,39.3
297,Dorian Finney-Smith,DAL,29,80,39,8.2,0.4,0.7,61.4,67.5,6.1,0.3,0.5,66.7,2.2,0.1,0.2,46.7
298,Joe Harris,BKN,30,14,8,8.1,0.4,0.7,60.0,75.0,4.0,0.2,0.4,60.0,4.0,0.2,0.4,60.0
299,Isaiah Hartenstein,LAC,24,68,35,13.1,0.3,0.7,47.9,49.0,12.3,0.3,0.7,48.9,0.8,0.0,0.0,33.3
300,Corey Kispert,WAS,23,77,32,10.7,0.3,0.7,43.6,45.5,8.4,0.3,0.6,51.2,2.3,0.0,0.2,16.7
301,Boban Marjanovic,DAL,33,23,14,22.9,0.4,0.7,62.5,62.5,22.9,0.4,0.7,62.5,0.0,0.0,0.0,-
302,Obi Toppin,NYK,24,71,35,10.6,0.4,0.7,60.0,60.0,9.7,0.4,0.7,65.2,0.8,0.0,0.1,0.0
303,Tre Jones,SAS,22,69,36,14.2,0.3,0.7,50.0,50.0,13.3,0.3,0.7,53.3,0.9,0.0,0.0,0.0
304,Davion Mitchell,SAC,23,74,37,6.2,0.2,0.7,34.6,40.4,3.1,0.2,0.3,46.2,3.1,0.1,0.3,23.1
305,Justin Anderson,IND,28,16,8,11.6,0.4,0.7,63.6,77.3,6.3,0.3,0.4,66.7,5.3,0.2,0.3,60.0
306,Amir Coffey,LAC,25,68,30,10.3,0.4,0.7,57.4,58.5,8.1,0.4,0.5,70.3,2.2,0.0,0.1,10.0
307,Ignas Brazdeikis,ORL,23,42,21,15.4,0.4,0.7,58.6,60.3,11.2,0.4,0.5,76.2,4.3,0.0,0.2,12.5
308,Spencer Dinwiddie,DAL,29,67,33,6.3,0.3,0.7,50.0,58.7,2.7,0.2,0.3,75.0,3.5,0.1,0.4,30.8
309,Mason Plumlee,CHA,32,72,39,15.7,0.3,0.7,46.0,46.0,15.4,0.3,0.7,46.9,0.3,0.0,0.0,0.0
310,Georges Niang,PHI,29,76,38,9.2,0.4,0.7,53.8,59.6,7.5,0.3,0.6,52.4,1.8,0.1,0.1,60.0
311,James Johnson,BKN,35,62,27,13.7,0.3,0.7,40.5,40.5,11.4,0.3,0.6,48.6,2.3,0.0,0.1,0.0
312,Craig Sword,WAS,28,3,1,50.0,0.7,0.7,100.0,100.0,50.0,0.7,0.7,100,0.0,0.0,0.0,-
313,Vlatko Cancar,DEN,25,15,8,24.4,0.5,0.7,70.0,75.0,22.0,0.4,0.6,66.7,2.4,0.1,0.1,100
314,Thomas Bryant,WAS,24,27,13,12.2,0.4,0.7,61.1,61.1,11.5,0.4,0.6,64.7,0.7,0.0,0.0,0.0
315,Devontae Cacok,SAS,25,15,7,32.3,0.4,0.7,60.0,60.0,32.3,0.4,0.7,60.0,0.0,0.0,0.0,-
316,Deni Avdija,WAS,21,82,38,9.5,0.3,0.7,52.7,55.5,8.5,0.3,0.6,53.1,1.0,0.0,0.1,50.0
317,P.J. Dozier,DEN,25,18,9,12.1,0.3,0.7,50.0,58.3,8.1,0.2,0.4,50.0,4.0,0.1,0.2,50.0
318,Cameron McGriff,POR,24,3,2,14.3,0.3,0.7,50.0,50.0,14.3,0.3,0.7,50.0,0.0,0.0,0.0,-
319,Daniel Oturu,TOR,22,3,2,33.3,0.3,0.7,50.0,50.0,33.3,0.3,0.7,50.0,0.0,0.0,0.0,-
320,Chris Paul,PHX,37,64,32,6.0,0.3,0.7,41.9,48.8,3.2,0.2,0.4,52.2,2.8,0.1,0.3,30.0
321,Deividas Sirvydis,DET,22,3,2,20.0,0.0,0.7,0.0,0.0,10.0,0.0,0.3,0.0,10.0,0.0,0.3,0.0
322,Aleksej Pokusevski,OKC,20,61,31,8.8,0.3,0.7,40.0,41.3,6.4,0.3,0.5,51.7,2.4,0.0,0.2,9.1
323,Alfonzo McKinnie,CHI,29,17,9,18.0,0.2,0.7,36.4,36.4,16.4,0.2,0.6,40.0,1.6,0.0,0.1,0.0
324,Bol Bol,ORL,22,14,4,33.3,0.4,0.6,66.7,66.7,33.3,0.4,0.6,66.7,0.0,0.0,0.0,-
325,Goga Bitadze,IND,22,50,19,12.7,0.3,0.6,53.1,53.1,11.5,0.3,0.6,58.6,1.2,0.0,0.1,0.0
326,Lou Williams,ATL,35,56,28,11.3,0.3,0.6,50.0,62.5,6.9,0.2,0.4,40.9,4.4,0.2,0.3,64.3
327,R.J. Hampton,ORL,21,64,33,9.0,0.3,0.6,46.3,50.0,6.1,0.3,0.4,57.1,2.8,0.1,0.2,23.1
328,Keita Bates-Diop,SAS,26,59,29,14.4,0.3,0.6,39.5,39.5,13.7,0.3,0.6,41.7,0.8,0.0,0.0,0.0
329,Theo Maledon,OKC,21,51,20,10.1,0.3,0.6,50.0,60.9,4.7,0.2,0.3,60.0,5.4,0.1,0.3,41.2
330,Keifer Sykes,IND,28,32,14,10.5,0.2,0.6,35.0,37.5,5.3,0.2,0.3,60.0,5.3,0.0,0.3,10.0
331,Aaron Nesmith,BOS,22,52,23,17.6,0.3,0.6,53.1,56.3,11.5,0.3,0.4,71.4,6.0,0.0,0.2,18.2
332,Danuel House Jr.,UTA,29,42,17,13.1,0.3,0.6,42.3,50.0,7.6,0.2,0.4,46.7,5.6,0.1,0.3,36.4
333,Luka Garza,DET,23,31,13,13.7,0.3,0.6,52.6,52.6,13.7,0.3,0.6,52.6,0.0,0.0,0.0,-
334,Eric Gordon,HOU,33,57,24,6.2,0.3,0.6,45.7,58.6,2.7,0.1,0.3,46.7,3.5,0.2,0.3,45.0
335,Keon Johnson,POR,20,36,17,8.1,0.2,0.6,36.4,38.6,5.2,0.2,0.4,50.0,3.0,0.0,0.2,12.5
336,Omer Yurtseven,MIA,24,56,24,14.0,0.2,0.6,35.3,35.3,14.0,0.2,0.6,35.3,0.0,0.0,0.0,-
337,Rayjon Tucker,MIL,24,5,3,33.3,0.4,0.6,66.7,100.0,0.0,0.0,0.0,-,33.3,0.4,0.6,66.7
338,Bruno Fernando,HOU,23,30,9,32.7,0.3,0.6,55.6,55.6,32.7,0.3,0.6,55.6,0.0,0.0,0.0,-
339,CJ Elleby,POR,22,58,24,11.4,0.3,0.6,45.7,45.7,9.7,0.3,0.5,53.3,1.6,0.0,0.1,0.0
340,Neemias Queta,SAC,22,15,5,23.7,0.3,0.6,44.4,44.4,23.7,0.3,0.6,44.4,0.0,0.0,0.0,-
341,Louis King,SAC,23,10,4,12.8,0.2,0.6,33.3,41.7,6.4,0.1,0.3,33.3,6.4,0.1,0.3,33.3
342,Killian Hayes,DET,20,65,24,8.7,0.2,0.6,33.3,34.6,6.0,0.2,0.4,44.4,2.7,0.0,0.2,8.3
343,Donte DiVincenzo,SAC,25,42,20,7.4,0.1,0.6,24.0,28.0,4.2,0.1,0.3,28.6,3.3,0.1,0.3,18.2
344,Jock Landale,SAS,26,54,24,15.7,0.4,0.6,65.6,67.2,14.2,0.4,0.5,69.0,1.5,0.0,0.1,33.3
345,Anthony Gill,WAS,29,44,19,23.9,0.3,0.6,53.8,53.8,23.9,0.3,0.6,53.8,0.0,0.0,0.0,-
346,Josh Richardson,SAS,28,64,25,7.2,0.3,0.6,44.7,48.7,5.9,0.2,0.5,45.2,1.3,0.1,0.1,42.9
347,Olivier Sarr,OKC,23,22,10,12.9,0.3,0.6,46.2,46.2,12.9,0.3,0.6,46.2,0.0,0.0,0.0,-
348,Mychal Mulder,MIA,28,17,7,13.0,0.2,0.6,40.0,50.0,9.1,0.1,0.4,28.6,3.9,0.1,0.2,66.7
349,Robert Covington,LAC,31,71,31,8.4,0.2,0.6,33.3,36.9,6.2,0.1,0.4,35.5,2.2,0.0,0.1,27.3
350,Juan Toscano-Anderson,GSW,29,73,27,17.9,0.3,0.6,54.8,54.8,16.2,0.3,0.5,60.5,1.7,0.0,0.1,0.0
351,Davon Reed,DEN,27,48,23,17.4,0.3,0.6,46.4,53.6,11.8,0.2,0.4,47.4,5.6,0.1,0.2,44.4
352,Josh Christopher,HOU,20,74,35,8.6,0.3,0.6,44.2,46.5,7.0,0.2,0.5,48.6,1.6,0.0,0.1,25.0
353,Josh Green,DAL,21,67,28,15.2,0.2,0.6,38.5,39.7,14.1,0.2,0.5,38.9,1.2,0.0,0.0,33.3
354,Saben Lee,DET,23,36,13,12.4,0.1,0.6,9.5,9.5,4.7,0.1,0.2,25.0,7.6,0.0,0.4,0.0
355,Gorgui Dieng,ATL,32,44,16,22.3,0.3,0.6,60.0,70.0,14.3,0.2,0.4,62.5,8.0,0.1,0.2,55.6
356,Langston Galloway,MIL,30,7,4,15.4,0.3,0.6,50.0,50.0,15.4,0.3,0.6,50.0,0.0,0.0,0.0,-
357,James Bouknight,CHA,21,30,12,12.3,0.2,0.6,41.2,52.9,5.8,0.1,0.3,37.5,6.5,0.1,0.3,44.4
358,Cody Zeller,POR,29,27,13,16.7,0.4,0.6,66.7,66.7,15.6,0.4,0.5,71.4,1.1,0.0,0.0,0.0
359,Thanasis Antetokounmpo,MIL,29,48,18,21.1,0.3,0.6,59.3,59.3,19.5,0.3,0.5,64.0,1.6,0.0,0.0,0.0
360,Nerlens Noel,NYK,28,25,12,23.3,0.3,0.6,57.1,57.1,23.3,0.3,0.6,57.1,0.0,0.0,0.0,-
361,Jarrett Culver,MEM,23,36,13,15.2,0.3,0.6,50.0,52.5,12.9,0.3,0.5,52.9,2.3,0.0,0.1,33.3
362,Nemanja Bjelica,GSW,34,70,31,11.6,0.3,0.6,46.2,48.7,9.2,0.2,0.4,51.6,2.4,0.0,0.1,25.0
363,Joshua Primo,SAS,19,50,20,10.4,0.2,0.6,32.1,32.1,8.9,0.2,0.5,37.5,1.5,0.0,0.1,0.0
364,Kessler Edwards,BKN,21,48,18,10.1,0.1,0.6,25.9,25.9,10.1,0.1,0.6,25.9,0.0,0.0,0.0,-
365,Matisse Thybulle,PHI,25,66,25,12.0,0.3,0.6,50.0,54.2,9.3,0.2,0.4,53.6,2.7,0.1,0.1,37.5
366,Austin Rivers,DEN,29,67,30,10.6,0.2,0.6,43.2,51.4,3.7,0.1,0.2,76.9,6.9,0.1,0.4,25.0
367,Garrett Temple,NOP,36,58,21,11.1,0.2,0.6,43.8,50.0,6.2,0.2,0.3,55.6,4.8,0.1,0.2,28.6
368,Patrick Beverley,MIN,33,58,21,7.3,0.2,0.6,28.1,32.8,2.5,0.1,0.2,54.5,4.8,0.1,0.4,14.3
369,Bismack Biyombo,PHX,29,35,12,13.3,0.4,0.5,78.9,78.9,13.3,0.4,0.5,78.9,0.0,0.0,0.0,-
370,Gary Payton II,GSW,29,70,29,11.1,0.4,0.5,71.1,71.1,11.1,0.4,0.5,71.1,0.0,0.0,0.0,-
371,Aaron Wiggins,OKC,23,50,22,8.0,0.4,0.5,66.7,70.4,6.2,0.3,0.4,76.2,1.8,0.0,0.1,33.3
372,Mamadi Diakite,OKC,25,13,5,14.9,0.3,0.5,57.1,57.1,14.9,0.3,0.5,57.1,0.0,0.0,0.0,-
373,Romeo Langford,SAS,22,48,19,13.6,0.3,0.5,50.0,55.8,10.5,0.2,0.4,50.0,3.1,0.1,0.1,50.0
374,Trevor Ariza,LAL,37,24,10,13.1,0.2,0.5,38.5,42.3,7.1,0.2,0.3,57.1,6.1,0.0,0.3,16.7
375,Ty Jerome,OKC,24,48,18,7.9,0.2,0.5,30.8,40.4,2.4,0.1,0.2,37.5,5.5,0.1,0.4,27.8
376,Udonis Haslem,MIA,42,13,6,22.6,0.1,0.5,14.3,14.3,22.6,0.1,0.5,14.3,0.0,0.0,0.0,-
377,Moses Brown,CLE,22,40,14,19.4,0.3,0.5,52.4,52.4,19.4,0.3,0.5,52.4,0.0,0.0,0.0,-
378,Lindell Wigginton,MIL,24,19,8,16.4,0.3,0.5,50.0,55.0,11.5,0.2,0.4,57.1,4.9,0.1,0.2,33.3
379,Javonte Smart,MIA,23,17,5,15.0,0.2,0.5,44.4,55.6,6.7,0.1,0.2,50.0,8.3,0.1,0.3,40.0
380,Paul Reed,PHI,23,38,13,20.8,0.2,0.5,45.0,45.0,20.8,0.2,0.5,45.0,0.0,0.0,0.0,-
381,Yuta Watanabe,TOR,27,38,13,14.5,0.2,0.5,40.0,40.0,12.3,0.2,0.5,47.1,2.2,0.0,0.1,0.0
382,Quentin Grimes,NYK,22,45,16,10.3,0.2,0.5,37.5,45.8,3.8,0.1,0.2,55.6,6.4,0.1,0.3,26.7
383,Nicolas Batum,LAC,33,58,24,8.1,0.2,0.5,35.5,43.5,3.9,0.1,0.3,40.0,4.2,0.1,0.3,31.3
384,Avery Bradley,LAL,31,62,24,9.4,0.2,0.5,33.3,47.0,4.0,0.0,0.2,14.3,5.4,0.1,0.3,47.4
385,Markus Howard,DEN,23,31,7,15.8,0.3,0.5,56.3,75.0,3.0,0.1,0.1,100,12.9,0.2,0.4,46.2
386,Alize Johnson,NOP,26,23,8,31.6,0.3,0.5,50.0,50.0,31.6,0.3,0.5,50.0,0.0,0.0,0.0,-
387,Daniel Theis,BOS,30,47,18,8.2,0.3,0.5,62.5,62.5,8.2,0.3,0.5,62.5,0.0,0.0,0.0,-
388,Taj Gibson,NYK,37,51,20,16.0,0.3,0.5,53.8,53.8,14.7,0.3,0.5,58.3,1.2,0.0,0.0,0.0
389,Wesley Matthews,MIL,35,49,19,11.4,0.2,0.5,32.0,36.0,5.5,0.1,0.2,50.0,5.9,0.0,0.3,15.4
390,Damyean Dotson,NYK,28,2,1,25.0,0.5,0.5,100.0,100.0,25.0,0.5,0.5,100,0.0,0.0,0.0,-
391,Trevon Scott,CLE,25,2,1,16.7,0.5,0.5,100.0,100.0,16.7,0.5,0.5,100,0.0,0.0,0.0,-
392,Jemerrio Jones,LAL,27,2,1,33.3,0.5,0.5,100.0,100.0,33.3,0.5,0.5,100,0.0,0.0,0.0,-
393,Mac McClung,LAL,23,2,1,16.7,0.5,0.5,100.0,100.0,16.7,0.5,0.5,100,0.0,0.0,0.0,-
394,Eric Paschall,UTA,25,58,19,12.3,0.3,0.5,55.2,55.2,11.9,0.3,0.5,57.1,0.4,0.0,0.0,0.0
395,BJ Johnson,ORL,26,4,2,8.0,0.3,0.5,50.0,50.0,8.0,0.3,0.5,50.0,0.0,0.0,0.0,-
396,Kris Dunn,POR,28,14,5,6.9,0.2,0.5,42.9,42.9,5.9,0.2,0.4,50.0,1.0,0.0,0.1,0.0
397,Sam Merrill,MEM,26,6,3,12.5,0.2,0.5,33.3,33.3,4.2,0.2,0.2,100,8.3,0.0,0.3,0.0
398,Ish Smith,WAS,33,64,22,7.6,0.2,0.5,31.3,35.9,4.0,0.1,0.3,41.2,3.6,0.1,0.2,20.0
399,David Duke Jr.,BKN,22,22,7,10.2,0.1,0.5,27.3,27.3,7.4,0.1,0.4,37.5,2.8,0.0,0.1,0.0
400,Hassani Gravett,ORL,25,8,4,10.5,0.1,0.5,25.0,25.0,2.6,0.1,0.1,100,7.9,0.0,0.4,0.0
401,Trevelin Queen,HOU,25,10,4,15.2,0.1,0.5,20.0,30.0,3.0,0.0,0.1,0.0,12.1,0.1,0.4,25.0
402,Danny Green,PHI,35,62,25,9.7,0.1,0.5,19.4,24.2,2.8,0.1,0.1,33.3,6.9,0.1,0.3,13.6
403,Rob Edwards,OKC,25,2,1,25.0,0.0,0.5,0.0,0.0,0.0,0.0,0.0,-,25.0,0.0,0.5,0.0
404,Moses Wright,DAL,23,4,1,50.0,0.0,0.5,0.0,0.0,50.0,0.0,0.5,0.0,0.0,0.0,0.0,-
405,Shaquille Harrison,BKN,28,2,1,16.7,0.0,0.5,0.0,0.0,16.7,0.0,0.5,0.0,0.0,0.0,0.0,-
406,Victor Oladipo,MIA,30,8,4,5.5,0.0,0.5,0.0,0.0,4.1,0.0,0.4,0.0,1.4,0.0,0.1,0.0
407,Gabe York,IND,28,2,1,14.3,0.0,0.5,0.0,0.0,0.0,0.0,0.0,-,14.3,0.0,0.5,0.0
408,Feron Hunt,NYK,22,2,1,50.0,0.0,0.5,0.0,0.0,50.0,0.0,0.5,0.0,0.0,0.0,0.0,-
409,Naji Marshall,NOP,24,55,20,10.0,0.3,0.5,63.0,63.0,9.7,0.3,0.5,65.4,0.4,0.0,0.0,0.0
410,Khem Birch,TOR,29,55,20,13.5,0.3,0.5,51.9,51.9,13.5,0.3,0.5,51.9,0.0,0.0,0.0,-
411,Alex Caruso,CHI,28,41,16,7.8,0.2,0.5,40.0,42.5,5.4,0.2,0.3,50.0,2.3,0.0,0.1,16.7
412,Cory Joseph,DET,30,65,26,8.0,0.1,0.5,31.3,34.4,5.5,0.1,0.3,36.4,2.5,0.0,0.1,20.0
413,Maxi Kleber,DAL,30,59,23,8.2,0.1,0.5,27.6,29.3,6.8,0.1,0.4,29.2,1.4,0.0,0.1,20.0
414,JaMychal Green,DEN,32,67,24,9.8,0.2,0.5,50.0,50.0,9.5,0.2,0.5,51.6,0.3,0.0,0.0,0.0
415,Dwight Powell,DAL,30,82,33,9.7,0.2,0.5,48.7,48.7,9.0,0.2,0.4,52.8,0.7,0.0,0.0,0.0
416,Derrick Jones Jr.,CHI,25,51,22,12.3,0.3,0.5,58.3,60.4,11.3,0.3,0.4,59.1,1.0,0.0,0.0,50.0
417,Dennis Smith Jr.,POR,24,37,11,9.0,0.3,0.5,64.7,67.6,7.4,0.3,0.4,71.4,1.6,0.0,0.1,33.3
418,Torrey Craig,PHX,31,78,31,8.0,0.2,0.5,48.6,51.4,5.9,0.2,0.3,57.7,2.0,0.0,0.1,22.2
419,Payton Pritchard,BOS,24,71,27,8.6,0.2,0.5,46.9,60.9,2.9,0.1,0.1,54.5,5.6,0.1,0.3,42.9
420,Davis Bertans,DAL,29,56,20,9.1,0.2,0.5,36.0,50.0,2.2,0.0,0.1,33.3,6.9,0.1,0.3,36.8
421,Kent Bazemore,LAL,32,39,11,12.2,0.2,0.4,52.9,70.6,4.3,0.1,0.1,50.0,7.9,0.1,0.3,54.5
422,Didi Louzada,POR,22,9,4,12.1,0.2,0.4,50.0,75.0,3.0,0.0,0.1,0.0,9.1,0.2,0.3,66.7
423,Cassius Stanley,DET,22,9,2,8.7,0.2,0.4,50.0,50.0,6.5,0.2,0.3,66.7,2.2,0.0,0.1,0.0
424,Troy Brown Jr.,CHI,22,66,19,11.2,0.2,0.4,41.4,43.1,9.7,0.2,0.4,44.0,1.6,0.0,0.1,25.0
425,Jevon Carter,MIL,26,66,25,11.5,0.2,0.4,41.4,55.2,3.2,0.1,0.1,50.0,8.3,0.1,0.3,38.1
426,Rodney McGruder,DET,30,50,18,10.1,0.2,0.4,40.9,52.3,5.5,0.1,0.2,33.3,4.6,0.1,0.2,50.0
427,Greg Brown III,POR,20,48,19,11.1,0.1,0.4,33.3,38.1,9.0,0.1,0.3,29.4,2.1,0.0,0.1,50.0
428,Elijah Hughes,POR,24,36,11,11.1,0.1,0.4,31.3,40.6,4.2,0.1,0.2,33.3,6.9,0.1,0.3,30.0
429,Paul Watson,OKC,27,9,3,11.4,0.0,0.4,0.0,0.0,2.9,0.0,0.1,0.0,8.6,0.0,0.3,0.0
430,Gabriel Deck,OKC,27,7,3,21.4,0.3,0.4,66.7,66.7,21.4,0.3,0.4,66.7,0.0,0.0,0.0,-
431,Jose Alvarado,NOP,24,53,18,7.9,0.2,0.4,43.5,45.7,5.5,0.2,0.3,56.3,2.4,0.0,0.1,14.3
432,Andre Iguodala,GSW,38,30,10,11.0,0.1,0.4,30.8,30.8,8.5,0.1,0.3,40.0,2.5,0.0,0.1,0.0
433,Malachi Flynn,TOR,24,44,16,10.4,0.1,0.4,26.3,31.6,3.3,0.1,0.1,50.0,7.1,0.1,0.3,15.4
434,Santi Aldama,MEM,21,31,9,10.2,0.3,0.4,61.5,61.5,10.2,0.3,0.4,61.5,0.0,0.0,0.0,-
435,Pat Connaughton,MIL,29,65,21,5.4,0.1,0.4,37.0,38.9,4.2,0.1,0.3,42.9,1.2,0.0,0.1,16.7
436,Nathan Knight,MIN,24,37,11,17.0,0.2,0.4,53.3,53.3,15.9,0.2,0.4,57.1,1.1,0.0,0.0,0.0
437,Moses Moody,GSW,20,51,13,11.9,0.2,0.4,52.4,61.9,9.0,0.1,0.3,43.8,2.8,0.1,0.1,80.0
438,Dalano Banton,TOR,22,64,20,12.9,0.2,0.4,38.5,44.2,10.4,0.1,0.3,33.3,2.5,0.1,0.1,60.0
439,Enes Freedom,BOS,30,34,12,14.4,0.1,0.4,35.7,39.3,13.4,0.1,0.4,30.8,1.0,0.0,0.0,100
440,Lance Stephenson,IND,31,46,17,5.9,0.1,0.4,36.8,44.7,4.6,0.1,0.3,26.7,1.2,0.1,0.1,75.0
441,Frank Ntilikina,DAL,23,58,19,10.8,0.1,0.4,29.2,33.3,6.3,0.1,0.2,35.7,4.5,0.0,0.2,20.0
442,Trey Burke,DAL,29,42,13,7.9,0.2,0.4,52.9,64.7,4.7,0.1,0.2,50.0,3.3,0.1,0.2,57.1
443,Chaundee Brown Jr.,ATL,23,5,1,6.3,0.2,0.4,50.0,75.0,0.0,0.0,0.0,-,6.3,0.2,0.4,50.0
444,Vit Krejci,OKC,22,30,10,7.2,0.2,0.4,50.0,54.2,4.2,0.2,0.2,71.4,3.0,0.0,0.2,20.0
445,Zeke Nnaji,DEN,21,41,13,8.6,0.2,0.4,62.5,62.5,8.6,0.2,0.4,62.5,0.0,0.0,0.0,-
446,Delon Wright,ATL,30,77,19,11.2,0.2,0.4,53.3,63.3,5.9,0.1,0.2,62.5,5.2,0.1,0.2,42.9
447,Admiral Schofield,ORL,25,38,14,11.6,0.2,0.4,40.0,46.7,6.2,0.1,0.2,50.0,5.4,0.1,0.2,28.6
448,Tony Bradley,CHI,24,55,17,17.1,0.2,0.4,47.6,47.6,17.1,0.2,0.4,47.6,0.0,0.0,0.0,-
449,Daishen Nix,HOU,20,24,6,13.4,0.2,0.4,44.4,50.0,6.0,0.1,0.2,75.0,7.5,0.0,0.2,20.0
450,Rodney Hood,LAC,29,52,14,12.7,0.1,0.4,40.0,45.0,8.3,0.1,0.3,46.2,4.5,0.0,0.1,28.6
451,Dwight Howard,LAL,36,60,17,10.5,0.1,0.4,39.1,41.3,9.6,0.1,0.3,38.1,0.9,0.0,0.0,50.0
452,Georgios Kalaitzakis,OKC,23,13,2,7.5,0.1,0.4,40.0,40.0,7.5,0.1,0.4,40.0,0.0,0.0,0.0,-
453,Joe Wieskamp,SAS,22,29,9,19.6,0.1,0.4,36.4,45.5,3.6,0.1,0.1,100,16.1,0.1,0.3,22.2
454,Miles McBride,NYK,21,40,12,14.3,0.1,0.4,33.3,43.3,5.7,0.1,0.1,33.3,8.6,0.1,0.2,33.3
455,Jared Butler,UTA,21,42,12,10.6,0.1,0.4,25.0,34.4,2.0,0.0,0.1,33.3,8.6,0.1,0.3,23.1
456,Jalen McDaniels,CHA,24,54,16,8.0,0.2,0.4,65.0,67.5,7.2,0.2,0.3,66.7,0.8,0.0,0.0,50.0
457,Mitchell Robinson,NYK,24,71,23,7.6,0.2,0.4,65.4,65.4,7.6,0.2,0.4,65.4,0.0,0.0,0.0,-
458,Aaron Holiday,PHX,25,63,19,6.8,0.2,0.4,60.9,71.7,4.1,0.1,0.2,64.3,2.7,0.1,0.1,55.6
459,Semi Ojeleye,LAC,27,30,8,11.1,0.2,0.4,45.5,50.0,7.1,0.1,0.2,57.1,4.0,0.0,0.1,25.0
460,Trey Murphy III,NOP,22,62,19,8.3,0.2,0.4,43.5,45.7,5.8,0.1,0.3,56.3,2.5,0.0,0.1,14.3
461,Elfrid Payton,PHX,28,49,16,10.7,0.2,0.4,44.4,44.4,10.7,0.2,0.4,44.4,0.0,0.0,0.0,-
462,Jalen Johnson,ATL,20,22,7,19.5,0.2,0.4,62.5,62.5,19.5,0.2,0.4,62.5,0.0,0.0,0.0,-
463,John Konchar,MEM,26,72,21,9.9,0.2,0.4,61.5,63.5,9.2,0.2,0.3,62.5,0.8,0.0,0.0,50.0
464,Paul Millsap,PHI,37,33,11,10.5,0.2,0.4,50.0,50.0,9.6,0.2,0.3,54.5,0.9,0.0,0.0,0.0
465,Brandon Goodwin,CLE,26,36,12,8.4,0.1,0.4,23.1,26.9,4.5,0.1,0.2,28.6,3.9,0.0,0.2,16.7
466,Jeremiah Robinson-Earl,OKC,21,49,16,5.2,0.2,0.3,52.9,52.9,4.9,0.2,0.3,56.3,0.3,0.0,0.0,0.0
467,Brad Wanamaker,WAS,32,23,7,10.4,0.2,0.3,50.0,50.0,7.8,0.2,0.3,66.7,2.6,0.0,0.1,0.0
468,D.J. Augustin,LAL,34,55,13,8.6,0.2,0.3,47.4,63.2,2.3,0.1,0.1,60.0,6.3,0.1,0.3,42.9
469,Tomas Satoransky,WAS,30,55,13,9.9,0.2,0.3,47.4,50.0,8.4,0.1,0.3,50.0,1.6,0.0,0.1,33.3
470,Sterling Brown,DAL,27,49,14,11.0,0.1,0.3,41.2,41.2,9.0,0.1,0.3,50.0,1.9,0.0,0.1,0.0
471,Keljin Blevins,POR,26,31,8,9.9,0.1,0.3,36.4,45.5,3.6,0.1,0.1,50.0,6.3,0.1,0.2,28.6
472,Raul Neto,WAS,30,70,20,5.4,0.2,0.3,50.0,56.3,3.9,0.1,0.2,52.9,1.6,0.0,0.1,42.9
473,Wayne Selden,NYK,27,3,1,25.0,0.3,0.3,100.0,150.0,0.0,0.0,0.0,-,25.0,0.3,0.3,100
474,Micah Potter,DET,24,3,1,9.1,0.3,0.3,100.0,100.0,9.1,0.3,0.3,100,0.0,0.0,0.0,-
475,Tyrone Wallace,NOP,28,6,1,10.0,0.3,0.3,100.0,100.0,10.0,0.3,0.3,100,0.0,0.0,0.0,-
476,Tim Frazier,CLE,31,12,3,8.9,0.3,0.3,75.0,100.0,4.4,0.1,0.2,50.0,4.4,0.2,0.2,100
477,Derrick Favors,OKC,30,39,12,7.1,0.2,0.3,61.5,61.5,7.1,0.2,0.3,61.5,0.0,0.0,0.0,-
478,Malik Fitts,BOS,24,15,3,26.3,0.2,0.3,60.0,60.0,26.3,0.2,0.3,60.0,0.0,0.0,0.0,-
479,Jeff Dowtin Jr.,ORL,25,9,3,11.5,0.1,0.3,33.3,33.3,11.5,0.1,0.3,33.3,0.0,0.0,0.0,-
480,Isaiah Todd,WAS,20,12,4,15.4,0.1,0.3,25.0,25.0,15.4,0.1,0.3,25.0,0.0,0.0,0.0,-
481,Jaylen Morris,SAS,26,3,1,16.7,0.0,0.3,0.0,0.0,0.0,0.0,0.0,-,16.7,0.0,0.3,0.0
482,Emanuel Terry,PHX,25,3,1,20.0,0.0,0.3,0.0,0.0,20.0,0.0,0.3,0.0,0.0,0.0,0.0,-
483,Norvel Pelle,UTA,29,3,1,20.0,0.0,0.3,0.0,0.0,20.0,0.0,0.3,0.0,0.0,0.0,0.0,-
484,Aaron Henry,PHI,22,6,2,40.0,0.0,0.3,0.0,0.0,20.0,0.0,0.2,0.0,20.0,0.0,0.2,0.0
485,Justin Jackson,PHX,27,6,2,20.0,0.0,0.3,0.0,0.0,20.0,0.0,0.3,0.0,0.0,0.0,0.0,-
486,Jahmi'us Ramsey,SAC,21,19,5,10.3,0.1,0.3,33.3,33.3,8.6,0.1,0.3,40.0,1.7,0.0,0.1,0.0
487,Kyle Guy,MIA,24,19,5,9.2,0.1,0.3,16.7,16.7,3.1,0.1,0.1,50.0,6.2,0.0,0.2,0.0
488,Jamorko Pickett,DET,24,13,2,8.0,0.1,0.3,50.0,62.5,6.0,0.1,0.2,33.3,2.0,0.1,0.1,100
489,Josh Okogie,MIN,23,49,13,14.4,0.1,0.3,46.7,50.0,13.5,0.1,0.3,42.9,1.0,0.0,0.0,100
490,Rajon Rondo,CLE,36,39,10,6.8,0.1,0.3,25.0,25.0,2.8,0.1,0.1,60.0,4.0,0.0,0.2,0.0
491,Mike Muscala,OKC,30,43,12,5.2,0.3,0.3,84.6,88.5,4.4,0.2,0.3,90.9,0.8,0.0,0.1,50.0
492,Maurice Harkless,SAC,29,46,12,8.0,0.2,0.3,64.3,67.9,5.7,0.2,0.2,80.0,2.3,0.0,0.1,25.0
493,Tyler Cook,CHI,24,20,6,15.8,0.1,0.3,50.0,50.0,15.8,0.1,0.3,50.0,0.0,0.0,0.0,-
494,Vernon Carey Jr.,WAS,21,7,1,15.4,0.1,0.3,50.0,50.0,15.4,0.1,0.3,50.0,0.0,0.0,0.0,-
495,Skylar Mays,ATL,24,28,6,12.5,0.1,0.3,50.0,50.0,10.9,0.1,0.3,57.1,1.6,0.0,0.0,0.0
496,Dean Wade,CLE,25,51,12,6.9,0.1,0.3,40.0,40.0,6.0,0.1,0.3,46.2,0.9,0.0,0.0,0.0
497,RJ Nembhard Jr.,CLE,23,14,3,22.2,0.1,0.3,25.0,25.0,16.7,0.1,0.2,33.3,5.6,0.0,0.1,0.0
498,Sandro Mamukelashvili,MIL,23,41,10,10.4,0.1,0.3,25.0,29.2,7.8,0.1,0.2,22.2,2.6,0.0,0.1,33.3
499,Facundo Campazzo,DEN,31,65,15,6.1,0.2,0.3,66.7,75.0,3.4,0.1,0.1,90.0,2.7,0.1,0.1,37.5
500,Devon Dotson,CHI,22,11,3,13.0,0.3,0.3,100.0,100.0,13.0,0.3,0.3,100,0.0,0.0,0.0,-
501,Jordan McLaughlin,MIN,26,62,14,8.5,0.2,0.3,64.7,70.6,6.5,0.1,0.2,69.2,2.0,0.0,0.1,50.0
502,Gary Clark,NOP,27,37,8,11.9,0.2,0.3,60.0,75.0,4.8,0.1,0.1,75.0,7.1,0.1,0.2,50.0
503,Jericho Sims,NYK,23,41,10,20.4,0.1,0.3,45.5,45.5,20.4,0.1,0.3,45.5,0.0,0.0,0.0,-
504,Isaiah Livers,DET,23,19,4,5.6,0.2,0.3,60.0,60.0,4.4,0.2,0.2,75.0,1.1,0.0,0.1,0.0
505,Killian Tillie,MEM,24,35,6,7.4,0.1,0.3,44.4,44.4,5.8,0.1,0.2,57.1,1.7,0.0,0.1,0.0
506,Malcolm Hill,CHI,26,19,5,9.6,0.1,0.3,40.0,40.0,7.7,0.1,0.2,50.0,1.9,0.0,0.1,0.0
507,Brodric Thomas,BOS,25,12,3,16.7,0.3,0.3,100.0,100.0,16.7,0.3,0.3,100,0.0,0.0,0.0,-
508,Willie Cauley-Stein,PHI,28,20,4,14.3,0.1,0.3,20.0,20.0,14.3,0.1,0.3,20.0,0.0,0.0,0.0,-
509,Jordan Schakel,WAS,24,4,1,9.1,0.0,0.3,0.0,0.0,9.1,0.0,0.3,0.0,0.0,0.0,0.0,-
510,JT Thor,CHA,19,33,7,14.5,0.1,0.2,50.0,50.0,12.7,0.1,0.2,57.1,1.8,0.0,0.0,0.0
511,George Hill,MIL,36,54,12,4.7,0.1,0.2,38.5,42.3,3.3,0.1,0.2,44.4,1.5,0.0,0.1,25.0
512,Jay Scrubb,LAC,21,17,2,8.9,0.1,0.2,25.0,25.0,6.7,0.1,0.2,33.3,2.2,0.0,0.1,0.0
513,Chris Chiozza,GSW,26,33,8,10.1,0.0,0.2,0.0,0.0,5.1,0.0,0.1,0.0,5.1,0.0,0.1,0.0
514,Robert Williams III,BOS,24,60,11,3.8,0.1,0.2,64.3,64.3,3.8,0.1,0.2,64.3,0.0,0.0,0.0,-
515,Kevin Knox II,ATL,22,30,6,8.2,0.1,0.2,57.1,64.3,3.5,0.1,0.1,100,4.7,0.0,0.1,25.0
516,Sam Hauser,BOS,24,26,5,12.0,0.1,0.2,50.0,75.0,0.0,0.0,0.0,-,12.0,0.1,0.2,50.0
517,Solomon Hill,ATL,31,13,3,15.0,0.0,0.2,0.0,0.0,10.0,0.0,0.1,0.0,5.0,0.0,0.1,0.0
518,Nick Richards,CHA,24,49,11,12.9,0.2,0.2,81.8,81.8,12.9,0.2,0.2,81.8,0.0,0.0,0.0,-
519,Trent Forrest,UTA,24,60,12,8.4,0.1,0.2,46.2,50.0,6.5,0.1,0.2,50.0,1.9,0.0,0.1,33.3
520,Isaiah Joe,PHI,22,55,12,6.8,0.1,0.2,25.0,33.3,2.8,0.0,0.1,20.0,4.0,0.0,0.1,28.6
521,Tony Snell,NOP,30,53,9,6.4,0.1,0.2,45.5,50.0,3.5,0.1,0.1,66.7,2.9,0.0,0.1,20.0
522,Timothe Luwawu-Cabarrot,ATL,27,52,9,5.9,0.1,0.2,36.4,40.9,4.3,0.1,0.1,37.5,1.6,0.0,0.1,33.3
523,Justin Robinson,DET,24,24,5,5.5,0.0,0.2,20.0,20.0,1.1,0.0,0.0,100,4.4,0.0,0.2,0.0
524,Denzel Valentine,UTA,28,24,4,7.6,0.0,0.2,20.0,20.0,3.0,0.0,0.1,50.0,4.5,0.0,0.1,0.0
525,Aleem Ford,ORL,24,5,1,5.0,0.2,0.2,100.0,100.0,5.0,0.2,0.2,100,0.0,0.0,0.0,-
526,Chris Silva,MIA,25,10,2,13.3,0.1,0.2,50.0,50.0,13.3,0.1,0.2,50.0,0.0,0.0,0.0,-
527,Justin Champagnie,TOR,21,36,5,10.4,0.1,0.2,57.1,57.1,10.4,0.1,0.2,57.1,0.0,0.0,0.0,-
528,Jake Layman,MIN,28,34,4,8.2,0.1,0.2,66.7,66.7,6.8,0.1,0.1,80.0,1.4,0.0,0.0,0.0
529,Tacko Fall,CLE,26,11,2,16.7,0.1,0.2,50.0,50.0,16.7,0.1,0.2,50.0,0.0,0.0,0.0,-
530,Ish Wainright,PHX,27,44,7,8.0,0.1,0.2,37.5,37.5,8.0,0.1,0.2,37.5,0.0,0.0,0.0,-
531,Charles Bassey,PHI,21,23,4,8.5,0.1,0.2,75.0,75.0,8.5,0.1,0.2,75.0,0.0,0.0,0.0,-
532,Usman Garuba,HOU,20,24,4,9.1,0.1,0.2,50.0,50.0,6.8,0.1,0.1,66.7,2.3,0.0,0.0,0.0
533,Leandro Bolmaro,MIN,21,35,6,11.1,0.0,0.2,16.7,16.7,9.3,0.0,0.1,20.0,1.9,0.0,0.0,0.0
534,Tyler Johnson,SAS,30,6,1,5.0,0.0,0.2,0.0,0.0,5.0,0.0,0.2,0.0,0.0,0.0,0.0,-
535,Marcus Garrett,MIA,23,12,2,9.5,0.0,0.2,0.0,0.0,9.5,0.0,0.2,0.0,0.0,0.0,0.0,-
536,Haywood Highsmith,MIA,25,19,2,6.5,0.1,0.2,33.3,33.3,4.3,0.1,0.1,50.0,2.2,0.0,0.1,0.0
537,Theo Pinson,DAL,26,19,3,7.7,0.1,0.2,33.3,33.3,5.1,0.1,0.1,50.0,2.6,0.0,0.1,0.0
538,Petr Cornelie,DEN,26,13,2,13.3,0.1,0.1,50.0,50.0,6.7,0.1,0.1,100,6.7,0.0,0.1,0.0
539,Sharife Cooper,ATL,21,13,2,14.3,0.1,0.1,50.0,75.0,0.0,0.0,0.0,-,14.3,0.1,0.1,50.0
540,James Ennis III,DEN,31,7,1,4.2,0.1,0.1,100.0,100.0,4.2,0.1,0.1,100,0.0,0.0,0.0,-
541,Abdel Nader,PHX,28,14,2,5.7,0.1,0.1,50.0,50.0,2.9,0.1,0.1,100,2.9,0.0,0.1,0.0
542,Joel Ayayi,WAS,22,7,1,16.7,0.0,0.1,0.0,0.0,16.7,0.0,0.1,0.0,0.0,0.0,0.0,-
543,Juancho Hernangomez,UTA,26,40,4,4.7,0.1,0.1,40.0,40.0,3.8,0.1,0.1,50.0,0.9,0.0,0.0,0.0
544,Nik Stauskas,BOS,28,8,1,7.1,0.0,0.1,0.0,0.0,0.0,0.0,0.0,-,7.1,0.0,0.1,0.0
545,Udoka Azubuike,UTA,22,17,2,4.1,0.1,0.1,50.0,50.0,4.1,0.1,0.1,50.0,0.0,0.0,0.0,-
546,Dylan Windler,CLE,25,50,5,6.1,0.0,0.1,33.3,33.3,4.1,0.0,0.1,50.0,2.0,0.0,0.0,0.0
547,Xavier Sneed,UTA,24,9,1,10.0,0.0,0.1,0.0,0.0,0.0,0.0,0.0,-,10.0,0.0,0.1,0.0
548,Marko Simonovic,CHI,22,9,1,6.7,0.0,0.1,0.0,0.0,6.7,0.0,0.1,0.0,0.0,0.0,0.0,-
549,Ryan Arcidiacono,NYK,28,10,1,8.3,0.1,0.1,100.0,150.0,0.0,0.0,0.0,-,8.3,0.1,0.1,100
550,Ed Davis,CLE,33,31,3,18.8,0.1,0.1,66.7,66.7,18.8,0.1,0.1,66.7,0.0,0.0,0.0,-
551,Kai Jones,CHA,21,20,2,14.3,0.0,0.1,0.0,0.0,14.3,0.0,0.1,0.0,0.0,0.0,0.0,-
552,Charlie Brown Jr.,PHI,25,22,2,5.1,0.0,0.1,0.0,0.0,5.1,0.0,0.1,0.0,0.0,0.0,0.0,-
553,DeAndre Jordan,PHI,33,48,4,2.8,0.0,0.1,50.0,50.0,2.8,0.0,0.1,50.0,0.0,0.0,0.0,-
554,Robert Woodard II,SAS,22,12,1,6.3,0.0,0.1,0.0,0.0,0.0,0.0,0.0,-,6.3,0.0,0.1,0.0
555,Luke Kornet,BOS,26,15,1,3.7,0.1,0.1,100.0,100.0,3.7,0.1,0.1,100,0.0,0.0,0.0,-
556,Isaac Bonga,TOR,22,15,1,7.7,0.0,0.1,0.0,0.0,7.7,0.0,0.1,0.0,0.0,0.0,0.0,-
557,Miye Oni,UTA,24,16,1,11.1,0.0,0.1,0.0,0.0,0.0,0.0,0.0,-,11.1,0.0,0.1,0.0
558,Kevin Pangos,CLE,29,24,1,2.2,0.0,0.0,0.0,0.0,0.0,0.0,0.0,-,2.2,0.0,0.0,0.0
