,PLAYER,TEAM,GP,W,L,MIN,PTS,FGM,FGA,FG%,3PM,3PA,3P%,eFG%
0,Aaron Gordon,DEN,75,46,29,31.7,1.7,0.8,2.1,36.9,0.2,0.7,30.0,41.7
1,Aaron Henry,PHI,6,6,0,2.8,0.0,0.0,0.3,0.0,0.0,0.2,0.0,0.0
2,Aaron Holiday,PHX,63,34,29,16.2,1.5,0.7,1.6,39.8,0.2,0.5,44.8,46.1
3,Aaron Nesmith,BOS,52,32,20,11.0,0.5,0.2,0.6,33.3,0.1,0.3,17.6,37.9
4,Aaron Wiggins,OKC,50,13,37,24.2,0.2,0.1,0.4,26.3,0.0,0.2,20.0,31.6
5,Abdel Nader,PHX,14,11,3,10.4,0.0,0.0,0.2,0.0,0.0,0.2,0.0,0.0
6,Ade Murkey,SAC,1,0,1,1.5,0.0,0.0,0.0,-,-,-,-,-
7,Admiral Schofield,ORL,38,10,28,12.3,0.2,0.1,0.2,33.3,0.1,0.2,28.6,44.4
8,Ahmad Caver,IND,1,0,1,0.8,0.0,0.0,0.0,-,-,-,-,-
9,Al Horford,BOS,69,46,23,29.1,0.4,0.2,0.3,52.4,0.1,0.1,100,61.9
10,Alec Burks,NYK,81,37,44,28.6,3.2,1.3,3.5,36.3,0.7,1.8,38.6,46.1
11,Aleem Ford,ORL,5,2,3,14.7,0.0,0.0,0.0,-,0.0,0.0,-,-
12,Aleksej Pokusevski,OKC,61,19,42,20.2,0.8,0.4,1.4,27.7,0.1,0.4,19.2,30.7
13,Alex Caruso,CHI,41,24,17,28.0,1.0,0.4,1.3,32.1,0.1,0.6,21.7,36.8
14,Alex Len,SAC,39,17,22,15.9,0.1,0.0,0.1,20.0,0.0,0.0,-,20.0
15,Alfonzo McKinnie,CHI,17,8,9,12.1,0.2,0.1,0.6,20.0,0.0,0.1,0.0,20.0
16,Alize Johnson,NOP,23,14,9,7.3,0.0,0.0,0.0,0.0,0.0,0.0,-,0.0
17,Alperen Sengun,HOU,72,18,54,20.7,0.3,0.1,0.5,21.1,0.0,0.2,12.5,23.7
18,Amir Coffey,LAC,69,33,36,22.7,1.1,0.5,1.3,38.2,0.1,0.5,28.6,43.8
19,Andre Drummond,BKN,73,42,31,19.7,0.1,0.0,0.1,37.5,0.0,0.0,0.0,37.5
20,Andre Iguodala,GSW,31,20,11,19.4,0.2,0.1,0.5,11.8,0.0,0.4,9.1,14.7
21,Andrew Wiggins,GSW,73,47,26,31.9,3.1,1.4,3.9,36.2,0.3,1.0,33.8,40.4
22,Anfernee Simons,POR,57,25,32,29.5,6.9,2.8,7.0,40.6,1.2,3.6,33.7,49.4
23,Anthony Davis,LAL,40,17,23,35.1,2.5,1.2,3.9,31.2,0.1,0.1,50.0,31.8
24,Anthony Edwards,MIN,72,39,33,34.2,6.1,2.2,6.8,32.5,1.7,5.1,32.5,44.6
25,Anthony Gill,WAS,44,15,29,10.5,0.0,0.0,0.0,-,0.0,0.0,-,-
26,Anthony Lamb,HOU,2,0,2,3.8,0.0,0.0,0.0,-,0.0,0.0,-,-
27,Armoni Brooks,TOR,54,20,34,15.6,1.6,0.6,1.9,28.8,0.5,1.8,29.2,42.3
28,Arnoldas Kulboka,CHA,2,2,0,2.7,0.0,0.0,0.0,-,0.0,0.0,-,-
29,Austin Reaves,LAL,61,28,33,23.2,0.8,0.4,1.1,32.4,0.1,0.6,14.7,36.0
30,Austin Rivers,DEN,67,41,26,22.1,0.6,0.2,1.0,21.2,0.2,0.8,22.2,30.3
31,Avery Bradley,LAL,62,27,35,22.7,1.1,0.5,1.3,37.2,0.2,0.5,41.9,45.5
32,Ayo Dosunmu,CHI,77,42,35,27.4,1.4,0.7,1.4,50.5,0.0,0.1,22.2,51.4
33,BJ Johnson,ORL,4,2,2,16.1,1.5,0.8,1.5,50.0,0.0,0.3,0.0,50.0
34,Bam Adebayo,MIA,56,36,20,32.6,1.8,0.9,2.5,35.3,0.0,0.1,0.0,35.3
35,Ben McLemore,POR,64,20,44,20.1,1.5,0.6,1.7,34.2,0.3,1.2,28.2,44.1
36,Bismack Biyombo,PHX,36,30,6,14.1,0.0,0.0,0.1,0.0,-,-,-,0.0
37,Blake Griffin,BKN,56,29,27,17.1,0.5,0.2,0.6,35.5,0.1,0.4,30.0,45.2
38,Boban Marjanovic,DAL,23,15,8,5.6,0.7,0.3,0.6,57.1,0.0,0.0,-,57.1
39,Bobby Portis,MIL,72,46,26,28.2,1.8,0.8,1.9,44.9,0.1,0.2,50.0,47.1
40,Bogdan Bogdanovic,ATL,63,33,30,29.3,4.8,2.0,4.7,42.0,0.9,2.5,35.7,51.5
41,Bojan Bogdanovic,UTA,69,45,24,30.9,2.7,1.1,3.0,36.2,0.5,1.4,37.8,45.0
42,Bol Bol,ORL,14,5,9,5.8,0.3,0.1,0.6,25.0,0.0,0.0,-,25.0
43,Bones Hyland,DEN,69,41,28,19.0,3.0,1.1,3.1,37.0,0.8,2.0,36.9,49.3
44,Brad Wanamaker,WAS,23,10,13,13.9,1.0,0.5,1.4,33.3,0.0,0.4,0.0,33.3
45,Bradley Beal,WAS,40,17,23,36.0,7.4,3.3,8.1,41.0,0.8,2.5,31.0,45.8
46,Brandon Boston Jr.,LAC,51,26,25,14.9,2.2,0.9,2.8,34.0,0.3,1.1,30.9,40.1
47,Brandon Clarke,MEM,64,44,20,19.5,0.3,0.1,0.4,36.0,0.0,0.0,-,36.0
48,Brandon Goodwin,CLE,36,19,17,13.9,1.3,0.6,1.5,36.4,0.2,0.7,33.3,43.6
49,Brandon Ingram,NOP,55,29,26,34.0,7.2,3.5,8.1,43.6,0.2,0.9,21.3,44.7
50,Brandon Knight,DAL,5,2,3,12.9,0.6,0.2,1.8,11.1,0.2,1.6,12.5,16.7
51,Brandon Williams,POR,24,2,22,26.7,2.9,1.3,4.0,31.3,0.4,1.9,22.2,36.5
52,Braxton Key,DET,11,5,6,17.9,0.5,0.2,1.0,18.2,0.1,0.4,25.0,22.7
53,Brodric Thomas,BOS,12,8,4,5.0,0.3,0.1,0.3,33.3,0.1,0.3,33.3,50.0
54,Brook Lopez,MIL,13,10,3,23.0,0.6,0.2,1.2,20.0,0.2,0.5,33.3,26.7
55,Bruce Brown,BKN,72,37,35,24.6,0.2,0.1,0.4,25.0,0.0,0.0,33.3,26.6
56,Bruno Fernando,HOU,30,15,15,5.1,0.1,0.0,0.0,100,0.0,0.0,-,100
57,Bryn Forbes,DEN,75,36,39,17.1,2.2,1.0,2.4,40.4,0.3,0.7,38.0,45.6
58,Buddy Hield,IND,81,26,55,30.8,4.2,1.6,4.7,34.6,0.9,3.0,31.0,44.5
59,CJ Elleby,POR,58,17,41,20.2,0.3,0.2,0.6,25.7,0.0,0.1,0.0,25.7
60,CJ McCollum,NOP,62,28,34,34.6,9.9,4.2,9.8,42.9,1.5,4.1,35.0,50.2
61,CJ Miles,BOS,1,1,0,2.0,0.0,0.0,0.0,-,-,-,-,-
62,Cade Cunningham,DET,64,20,44,32.6,4.2,1.8,5.1,35.4,0.6,2.0,30.2,41.2
63,Caleb Martin,MIA,60,37,23,22.9,1.0,0.4,1.0,40.7,0.2,0.5,42.9,50.8
64,Cam Reddish,NYK,49,20,29,20.7,2.0,0.8,2.8,30.4,0.3,1.0,27.5,35.6
65,Cam Thomas,BKN,67,32,35,17.6,4.0,1.9,4.2,44.3,0.3,1.2,25.3,47.9
66,Cameron Johnson,PHX,66,50,16,26.2,0.6,0.2,1.1,22.2,0.1,0.4,29.2,27.1
67,Cameron McGriff,POR,3,0,3,15.3,2.0,0.7,1.3,50.0,0.7,0.7,100,75.0
68,Cameron Oliver,ATL,2,1,1,21.7,1.0,0.5,0.5,100,0.0,0.0,-,100
69,Cameron Payne,PHX,58,46,12,22.0,3.0,1.2,3.4,36.4,0.5,1.7,29.9,43.7
70,Caris LeVert,CLE,58,23,35,30.7,5.4,2.4,6.6,36.0,0.7,2.6,26.2,41.1
71,Carlik Jones,DEN,5,3,2,4.7,0.0,0.0,0.8,0.0,0.0,0.0,-,0.0
72,Carmelo Anthony,LAL,69,27,42,26.0,3.3,1.5,3.3,47.1,0.3,0.7,38.3,51.1
73,Carsen Edwards,DET,4,1,3,19.8,3.8,1.5,3.5,42.9,0.8,2.3,33.3,53.6
74,Cassius Stanley,DET,9,3,6,17.2,0.2,0.1,0.7,16.7,0.0,0.2,0.0,16.7
75,Cassius Winston,WAS,7,1,6,5.6,0.6,0.3,0.7,40.0,0.0,0.3,0.0,40.0
76,Cat Barber,ATL,3,0,3,4.3,0.0,0.0,0.7,0.0,-,-,-,0.0
77,Cedi Osman,CLE,66,37,29,22.1,1.7,0.6,1.6,37.4,0.5,1.1,40.0,51.4
78,Chandler Hutchison,PHX,6,4,2,3.7,0.0,0.0,0.0,-,-,-,-,-
79,Charles Bassey,PHI,23,11,12,7.3,0.1,0.0,0.1,50.0,0.0,0.0,0.0,50.0
80,Charlie Brown Jr.,PHI,22,16,6,8.1,0.0,0.0,0.1,0.0,0.0,0.0,-,0.0
81,Chaundee Brown Jr.,ATL,5,1,4,20.7,1.0,0.4,1.4,28.6,0.2,0.4,50.0,35.7
82,Cheick Diallo,DET,3,0,3,10.2,0.0,0.0,0.0,-,-,-,-,-
83,Chimezie Metu,SAC,60,23,37,21.3,0.9,0.4,1.1,35.8,0.1,0.3,22.2,38.8
84,Chris Boucher,TOR,80,48,32,21.1,0.2,0.1,0.5,16.7,0.0,0.1,18.2,19.4
85,Chris Chiozza,GSW,34,21,13,10.9,0.4,0.2,0.7,26.1,0.1,0.4,21.4,32.6
86,Chris Duarte,IND,55,21,34,28.0,4.1,1.7,4.7,36.5,0.6,2.0,31.5,43.1
87,Chris Paul,PHX,65,53,12,32.9,8.9,4.1,8.5,48.1,0.6,2.1,30.2,51.9
88,Chris Silva,MIA,10,7,3,9.1,0.0,0.0,0.0,-,-,-,-,-
89,Christian Wood,HOU,68,19,49,30.8,1.8,0.7,2.0,34.3,0.4,1.2,37.5,45.5
90,Chuma Okeke,ORL,70,21,49,25.0,1.1,0.4,1.6,26.4,0.2,0.9,26.2,33.6
91,Clint Capela,ATL,74,40,34,27.6,0.0,0.0,0.0,33.3,0.0,0.0,-,33.3
92,Coby White,CHI,61,32,29,27.5,2.5,1.0,2.9,36.2,0.4,1.2,31.1,42.7
93,Cody Martin,CHA,71,41,30,26.3,0.6,0.2,0.8,31.5,0.1,0.2,47.1,38.9
94,Cody Zeller,POR,27,13,14,13.1,0.0,0.0,0.0,0.0,0.0,0.0,0.0,0.0
95,Cole Anthony,ORL,65,18,47,31.7,4.5,1.9,5.5,34.3,0.7,2.4,28.8,40.5
96,Collin Sexton,CLE,11,7,4,28.8,2.1,0.9,3.5,26.3,0.3,1.1,25.0,30.3
97,Corey Kispert,WAS,77,31,46,23.4,0.5,0.2,0.8,31.0,0.0,0.2,16.7,33.6
98,Cory Joseph,DET,65,19,46,24.6,1.3,0.6,1.8,32.5,0.2,0.5,31.4,37.3
99,Craig Sword,WAS,3,1,2,6.3,0.0,0.0,0.0,-,0.0,0.0,-,-
100,D'Angelo Russell,MIN,65,39,26,31.9,6.2,2.5,6.9,36.0,1.2,3.8,32.9,45.0
101,D.J. Augustin,LAL,55,15,40,16.1,1.1,0.4,1.3,30.1,0.3,1.1,30.2,43.2
102,D.J. Wilson,TOR,4,2,2,13.5,1.5,0.8,1.5,50.0,0.0,0.3,0.0,50.0
103,DaQuan Jeffries,MEM,3,3,0,2.9,0.0,0.0,0.0,-,0.0,0.0,-,-
104,Daishen Nix,HOU,24,3,21,10.9,0.4,0.1,0.5,23.1,0.1,0.5,27.3,34.6
105,Dakota Mathias,MEM,6,5,1,2.7,0.0,0.0,0.2,0.0,0.0,0.2,0.0,0.0
106,Dalano Banton,TOR,64,37,27,10.9,0.6,0.3,0.8,33.3,0.1,0.2,38.5,38.2
107,Damian Jones,SAC,56,19,37,18.2,0.1,0.1,0.2,23.1,0.0,0.0,0.0,23.1
108,Damian Lillard,POR,29,12,17,36.4,9.4,3.6,10.4,34.8,2.2,7.1,30.4,45.2
109,Damion Lee,GSW,63,41,22,19.9,0.9,0.4,1.3,31.6,0.1,0.3,44.4,36.7
110,Damyean Dotson,NYK,2,1,1,10.3,1.0,0.5,1.0,50.0,0.0,0.0,-,50.0
111,Daniel Gafford,WAS,72,30,42,20.1,0.0,0.0,0.0,100,0.0,0.0,-,100
112,Daniel Oturu,TOR,3,1,2,9.1,0.0,0.0,0.0,-,0.0,0.0,-,-
113,Daniel Theis,BOS,47,20,27,20.8,0.0,0.0,0.2,12.5,0.0,0.0,0.0,12.5
114,Danilo Gallinari,ATL,66,35,31,25.3,2.1,1.0,2.9,34.4,0.2,0.8,19.2,37.0
115,Danny Green,PHI,62,37,25,21.8,0.5,0.2,0.8,22.4,0.1,0.6,17.5,29.6
116,Danuel House Jr.,UTA,42,18,24,17.3,0.7,0.3,0.8,35.3,0.1,0.5,31.6,44.1
117,Darius Bazley,OKC,69,19,50,27.9,0.4,0.2,0.7,24.5,0.1,0.5,20.6,31.6
118,Darius Garland,CLE,68,37,31,35.7,8.3,3.4,7.8,43.4,1.5,3.8,40.5,53.3
119,Darren Collison,LAL,3,1,2,12.4,0.0,0.0,0.7,0.0,0.0,0.0,-,0.0
120,David Duke Jr.,BKN,22,10,12,15.5,0.2,0.1,0.5,16.7,0.0,0.2,0.0,16.7
121,David Johnson,TOR,2,2,0,1.0,0.0,0.0,0.0,-,0.0,0.0,-,-
122,David Nwaba,HOU,46,6,40,13.2,0.2,0.1,0.1,75.0,0.0,0.0,50.0,87.5
123,Davion Mitchell,SAC,75,28,47,27.7,4.2,1.8,5.1,35.7,0.5,1.9,28.4,40.9
124,Davis Bertans,DAL,56,32,24,14.4,0.5,0.2,0.5,34.6,0.1,0.4,34.8,50.0
125,Davon Reed,DEN,48,29,19,13.9,1.3,0.6,1.0,55.1,0.1,0.4,35.3,61.2
126,Day'Ron Sharpe,BKN,32,12,20,12.2,0.0,0.0,0.0,-,0.0,0.0,-,-
127,De'Aaron Fox,SAC,59,22,37,35.3,7.8,3.6,8.7,40.9,0.7,2.6,27.1,44.9
128,De'Andre Hunter,ATL,53,28,25,29.8,2.2,1.1,2.8,37.7,0.1,0.3,27.8,39.4
129,De'Anthony Melton,MEM,73,49,24,22.7,2.1,0.8,2.6,31.8,0.4,1.4,30.7,39.8
130,DeAndre Jordan,PHI,48,26,22,13.0,0.0,0.0,0.0,0.0,-,-,-,0.0
131,DeAndre' Bembry,MIL,56,31,25,18.3,0.0,0.0,0.1,0.0,0.0,0.0,-,0.0
132,DeJon Jarreau,IND,1,0,1,0.9,0.0,0.0,0.0,-,-,-,-,-
133,DeMar DeRozan,CHI,76,43,33,36.1,12.1,6.0,12.2,49.3,0.1,0.3,30.4,49.7
134,DeMarcus Cousins,DEN,48,33,15,14.9,0.1,0.0,0.2,22.2,0.0,0.1,16.7,27.8
135,Dean Wade,CLE,51,27,24,19.2,0.4,0.2,0.4,40.9,0.0,0.1,25.0,43.2
136,Deandre Ayton,PHX,58,46,12,29.5,0.6,0.3,0.5,51.6,0.0,0.0,0.0,51.6
137,Deividas Sirvydis,DET,3,1,2,8.9,0.0,0.0,0.3,0.0,0.0,0.3,0.0,0.0
138,Dejounte Murray,SAS,68,30,38,34.8,7.4,3.5,8.4,41.3,0.5,1.7,28.0,44.1
139,Delon Wright,ATL,77,42,35,18.9,0.7,0.3,0.7,41.2,0.2,0.4,38.2,53.9
140,Deni Avdija,WAS,82,35,47,24.2,0.5,0.2,0.7,31.0,0.1,0.3,33.3,38.8
141,Dennis Schroder,HOU,64,32,32,28.7,3.3,1.5,3.9,38.8,0.3,1.0,32.3,42.8
142,Dennis Smith Jr.,POR,37,15,22,17.3,0.8,0.4,1.2,31.8,0.1,0.3,27.3,35.2
143,Denzel Valentine,UTA,24,14,10,9.2,0.2,0.1,0.5,15.4,0.0,0.3,14.3,19.2
144,Derrick Favors,OKC,39,15,24,16.7,0.2,0.1,0.1,60.0,0.0,0.0,-,60.0
145,Derrick Jones Jr.,CHI,51,28,23,17.6,0.1,0.0,0.0,50.0,0.0,0.0,50.0,75.0
146,Derrick Rose,NYK,26,11,15,24.5,3.0,1.2,3.6,34.0,0.5,1.3,38.2,41.0
147,Derrick Walton Jr.,DET,3,1,2,36.1,0.7,0.3,2.7,12.5,0.0,0.7,0.0,12.5
148,Derrick White,BOS,75,40,35,29.3,2.4,1.1,2.8,37.8,0.3,1.2,28.7,43.8
149,Desmond Bane,MEM,76,53,23,29.8,6.3,2.5,6.0,41.7,1.3,3.0,43.1,52.3
150,Devin Booker,PHX,68,56,12,34.5,11.8,5.2,11.8,44.3,1.3,3.8,35.7,49.9
151,Devin Cannady,ORL,5,2,3,28.9,0.6,0.2,1.4,14.3,0.2,0.8,25.0,21.4
152,Devin Vassell,SAS,71,29,42,27.3,2.7,1.3,3.3,38.6,0.1,0.6,22.0,40.6
153,Devon Dotson,CHI,11,5,6,7.7,0.0,0.0,0.3,0.0,0.0,0.0,-,0.0
154,Devontae Cacok,SAS,15,5,10,8.1,0.1,0.1,0.1,50.0,-,-,-,50.0
155,Devonte' Graham,NOP,76,34,42,28.4,3.5,1.4,4.6,30.1,0.7,2.8,25.7,38.0
156,Dewayne Dedmon,MIA,67,43,24,15.9,0.0,0.0,0.1,20.0,0.0,0.0,0.0,20.0
157,Didi Louzada,POR,9,0,9,14.4,0.9,0.3,0.6,60.0,0.2,0.3,66.7,80.0
158,Dillon Brooks,MEM,32,22,10,27.7,5.9,2.7,7.2,37.1,0.6,2.1,28.8,41.3
159,Domantas Sabonis,SAC,62,21,41,34.4,0.2,0.1,0.5,18.2,0.0,0.1,20.0,19.7
160,Donovan Mitchell,UTA,67,41,26,33.8,9.7,3.7,9.5,39.4,2.2,6.2,35.6,50.9
161,Donte DiVincenzo,SAC,42,21,21,23.9,1.3,0.5,1.9,24.4,0.4,1.3,27.8,34.0
162,Dorian Finney-Smith,DAL,80,51,29,33.0,0.5,0.2,0.7,30.8,0.1,0.4,28.6,38.5
163,Doug McDermott,SAS,51,21,30,24.0,1.7,0.6,1.5,44.6,0.4,0.9,43.2,57.4
164,Draymond Green,GSW,46,34,12,28.9,0.1,0.1,0.3,20.0,0.0,0.0,0.0,20.0
165,Drew Eubanks,POR,71,19,52,17.5,0.3,0.2,0.3,57.9,0.0,0.0,-,57.9
166,Duane Washington Jr.,IND,48,12,36,20.2,2.0,0.8,2.4,35.1,0.3,1.2,28.1,42.1
167,Duncan Robinson,MIA,79,52,27,25.9,2.6,0.9,2.0,45.3,0.8,1.8,45.1,65.7
168,Dwight Howard,LAL,60,21,39,16.2,0.1,0.0,0.1,33.3,0.0,0.0,50.0,50.0
169,Dwight Powell,DAL,82,52,30,21.9,0.0,0.0,0.1,33.3,0.0,0.0,0.0,33.3
170,Dylan Windler,CLE,50,28,22,9.2,0.1,0.0,0.1,16.7,0.0,0.1,25.0,25.0
171,Ed Davis,CLE,31,15,16,6.5,0.0,0.0,0.0,-,-,-,-,-
172,Elfrid Payton,PHX,50,39,11,11.0,0.3,0.2,0.6,28.6,0.0,0.1,33.3,30.4
173,Elijah Hughes,POR,36,15,21,12.1,0.9,0.4,1.1,32.5,0.2,0.5,42.1,42.5
174,Emanuel Terry,PHX,3,2,1,6.1,0.0,0.0,0.0,-,-,-,-,-
175,Emmanuel Mudiay,SAC,2,0,2,5.5,0.0,0.0,1.0,0.0,-,-,-,0.0
176,Enes Freedom,BOS,35,20,15,11.8,0.1,0.0,0.1,50.0,0.0,0.0,100,75.0
177,Eric Bledsoe,POR,54,27,27,25.2,1.7,0.8,2.7,29.2,0.1,0.7,15.8,31.3
178,Eric Gordon,HOU,57,19,38,29.3,2.4,0.8,2.2,38.1,0.7,1.9,37.4,54.0
179,Eric Paschall,UTA,58,36,22,12.7,0.1,0.1,0.1,37.5,0.0,0.0,0.0,37.5
180,Eugene Omoruyi,DAL,4,1,3,4.5,0.0,0.0,0.5,0.0,0.0,0.0,-,0.0
181,Evan Fournier,NYK,80,36,44,29.5,4.6,1.8,4.7,39.0,1.0,2.7,34.9,49.2
182,Evan Mobley,CLE,69,40,29,33.8,1.6,0.8,2.1,37.4,0.0,0.1,12.5,37.8
183,Facundo Campazzo,DEN,65,38,27,18.2,1.0,0.4,1.3,28.9,0.3,1.0,26.6,39.2
184,Feron Hunt,NYK,2,2,0,4.2,0.0,0.0,0.0,-,-,-,-,-
185,Frank Jackson,DET,53,9,44,22.0,1.9,0.8,2.2,37.1,0.3,1.2,25.0,44.0
186,Frank Kaminsky,PHX,9,8,1,20.1,0.7,0.3,0.6,60.0,0.0,0.0,-,60.0
187,Frank Ntilikina,DAL,58,34,24,11.8,0.8,0.4,1.1,34.4,0.1,0.4,23.8,38.3
188,Franz Wagner,ORL,79,21,58,30.7,1.8,0.7,2.0,34.2,0.4,1.3,32.4,44.7
189,Fred VanVleet,TOR,65,39,26,37.9,8.3,3.3,8.8,37.3,1.7,5.2,33.1,47.0
190,Freddie Gillespie,ORL,9,1,8,13.2,0.2,0.1,0.1,100,0.0,0.0,-,100
191,Furkan Korkmaz,PHI,67,44,23,21.1,1.6,0.6,2.1,30.5,0.3,1.2,26.5,38.3
192,Gabe Vincent,MIA,68,47,21,23.4,2.7,1.0,2.9,36.4,0.6,1.8,32.5,46.4
193,Gabe York,IND,2,0,2,10.7,0.0,0.0,0.5,0.0,0.0,0.5,0.0,0.0
194,Gabriel Deck,OKC,7,2,5,7.9,0.6,0.3,0.4,66.7,0.0,0.0,-,66.7
195,Gabriel Lundberg,PHX,4,1,3,11.1,1.8,0.8,2.8,27.3,0.3,1.0,25.0,31.8
196,Garrett Temple,NOP,59,23,36,18.6,0.5,0.2,1.0,21.1,0.1,0.4,21.7,25.4
197,Garrison Mathews,HOU,65,19,46,26.3,0.9,0.3,0.9,32.8,0.3,0.8,32.7,48.3
198,Gary Clark,NOP,38,20,18,10.0,0.3,0.1,0.2,44.4,0.1,0.2,50.0,66.7
199,Gary Harris,ORL,61,16,45,28.4,1.4,0.6,2.2,27.1,0.2,0.9,22.2,31.6
200,Gary Payton II,GSW,71,47,24,17.6,0.0,0.0,0.1,20.0,0.0,0.0,0.0,20.0
201,Gary Trent Jr.,TOR,70,44,26,35.0,7.0,3.0,7.5,39.5,1.0,3.0,34.6,46.4
202,George Hill,MIL,54,36,18,23.2,0.5,0.2,1.0,21.8,0.1,0.5,11.1,24.5
203,George King,DAL,4,2,2,4.8,0.0,0.0,0.0,-,0.0,0.0,-,-
204,Georges Niang,PHI,76,48,28,22.8,0.5,0.2,0.6,33.3,0.1,0.2,47.1,42.2
205,Georgios Kalaitzakis,OKC,13,8,5,16.4,0.5,0.2,0.9,25.0,0.1,0.2,33.3,29.2
206,Giannis Antetokounmpo,MIL,67,45,22,32.9,5.5,2.4,6.6,36.2,0.7,2.7,27.5,41.8
207,Goga Bitadze,IND,50,17,33,14.6,0.0,0.0,0.2,12.5,0.0,0.1,0.0,12.5
208,Goran Dragic,BKN,21,10,11,23.7,1.2,0.6,2.3,25.0,0.1,0.7,14.3,27.1
209,Gordon Hayward,CHA,49,26,23,31.9,3.7,1.7,3.8,43.9,0.3,0.8,42.5,48.4
210,Gorgui Dieng,ATL,44,23,21,8.4,0.9,0.3,0.6,55.6,0.2,0.3,61.5,70.4
211,Grant Williams,BOS,77,49,28,24.4,0.3,0.1,0.4,29.0,0.1,0.2,38.9,40.3
212,Grayson Allen,MIL,66,43,23,27.3,2.1,0.8,1.8,44.1,0.5,1.2,43.2,58.9
213,Greg Brown III,POR,48,14,34,13.3,0.2,0.1,0.4,15.8,0.0,0.1,40.0,21.1
214,Greg Monroe,MIN,14,7,7,13.9,0.0,0.0,0.1,0.0,-,-,-,0.0
215,Hamidou Diallo,DET,58,14,44,21.9,1.6,0.8,1.8,41.1,0.1,0.2,44.4,43.0
216,Harrison Barnes,SAC,77,27,50,33.6,1.6,0.6,1.8,35.5,0.3,1.1,31.7,44.7
217,Hassan Whiteside,UTA,65,40,25,17.9,0.0,0.0,0.2,10.0,-,-,-,10.0
218,Hassani Gravett,ORL,8,2,6,21.4,1.8,0.8,2.0,37.5,0.3,1.4,18.2,43.8
219,Haywood Highsmith,MIA,19,13,6,8.6,0.1,0.1,0.2,33.3,0.0,0.1,0.0,33.3
220,Herbert Jones,NOP,78,36,42,29.9,0.2,0.1,0.3,29.2,0.0,0.1,0.0,29.2
221,Ignas Brazdeikis,ORL,42,9,33,12.8,0.5,0.2,0.6,34.6,0.1,0.4,26.7,42.3
222,Immanuel Quickley,NYK,78,35,43,23.1,5.0,1.9,5.3,36.0,1.2,3.3,35.1,46.9
223,Isaac Bonga,TOR,15,9,6,4.6,0.0,0.0,0.0,-,0.0,0.0,-,-
224,Isaac Okoro,CLE,67,34,33,29.6,0.0,0.0,0.3,5.3,0.0,0.1,0.0,5.3
225,Isaiah Hartenstein,LAC,68,37,31,17.9,0.2,0.1,0.3,27.8,0.0,0.1,40.0,33.3
226,Isaiah Jackson,IND,36,9,27,15.0,0.1,0.1,0.3,18.2,0.0,0.1,50.0,22.7
227,Isaiah Joe,PHI,55,35,20,11.1,0.4,0.2,0.7,22.0,0.0,0.3,11.8,24.4
228,Isaiah Livers,DET,19,8,11,20.2,0.6,0.3,0.7,38.5,0.1,0.2,33.3,42.3
229,Isaiah Roby,OKC,45,10,35,21.1,0.8,0.3,0.5,54.2,0.2,0.3,66.7,75.0
230,Isaiah Stewart,DET,71,21,50,25.6,0.0,0.0,0.1,11.1,0.0,0.0,50.0,16.7
231,Isaiah Thomas,CHA,22,12,10,15.2,3.3,1.4,3.2,43.7,0.5,1.5,33.3,51.4
232,Isaiah Todd,WAS,12,1,11,6.2,0.0,0.0,0.2,0.0,0.0,0.0,-,0.0
233,Ish Smith,WAS,65,27,38,17.3,3.5,1.6,3.9,42.6,0.2,0.6,29.3,45.0
234,Ish Wainright,PHX,45,36,9,8.0,0.0,0.0,0.0,0.0,0.0,0.0,-,0.0
235,Ivica Zubac,LAC,76,40,36,24.4,0.1,0.0,0.1,75.0,-,-,-,75.0
236,JT Thor,CHA,33,18,15,7.9,0.1,0.1,0.2,25.0,0.0,0.1,0.0,25.0
237,Ja Morant,MEM,57,36,21,33.1,5.5,2.3,6.3,36.9,0.8,2.4,33.8,43.3
238,JaMychal Green,DEN,67,36,31,16.2,0.1,0.1,0.1,40.0,0.0,0.0,0.0,40.0
239,JaQuori McLaughlin,DAL,4,2,2,2.7,0.0,0.0,0.5,0.0,0.0,0.3,0.0,0.0
240,JaVale McGee,PHX,74,57,17,15.8,0.3,0.1,0.4,42.3,0.0,0.0,50.0,44.2
241,Jabari Parker,BOS,12,4,8,9.4,0.6,0.3,0.7,37.5,0.1,0.2,50.0,43.8
242,Jaden McDaniels,MIN,70,40,30,25.8,0.9,0.4,0.9,45.2,0.1,0.2,35.3,50.0
243,Jaden Springer,PHI,2,2,0,2.8,0.0,0.0,0.0,-,-,-,-,-
244,Jae Crowder,PHX,67,54,13,28.1,1.5,0.6,1.8,35.8,0.2,0.8,26.4,41.7
245,Jae'Sean Tate,HOU,78,19,59,26.4,0.3,0.1,0.3,30.8,0.1,0.3,40.0,46.2
246,Jahmi'us Ramsey,SAC,19,2,17,7.0,0.6,0.3,0.6,41.7,0.1,0.1,50.0,45.8
247,Jaime Echenique,WAS,1,1,0,3.1,0.0,0.0,0.0,-,-,-,-,-
248,Jake Layman,MIN,34,20,14,6.8,0.2,0.1,0.3,33.3,0.0,0.1,0.0,33.3
249,Jakob Poeltl,SAS,68,30,38,29.0,0.3,0.1,0.4,40.0,0.0,0.0,100,42.0
250,Jalen Brunson,DAL,79,50,29,31.9,5.0,2.4,5.2,45.1,0.3,1.0,31.3,48.2
251,Jalen Green,HOU,67,12,55,31.9,4.3,1.6,4.7,34.8,1.0,3.0,34.2,45.6
252,Jalen Johnson,ATL,22,14,8,5.5,0.0,0.0,0.3,0.0,0.0,0.0,0.0,0.0
253,Jalen McDaniels,CHA,55,34,21,16.3,0.3,0.1,0.3,41.2,0.0,0.1,33.3,44.1
254,Jalen Smith,IND,51,29,22,18.1,0.1,0.1,0.3,17.6,0.0,0.0,0.0,17.6
255,Jalen Suggs,ORL,48,16,32,27.2,2.0,0.8,3.5,23.4,0.3,1.8,19.0,28.1
256,James Bouknight,CHA,31,15,16,9.8,0.9,0.3,1.1,29.4,0.3,0.7,36.4,41.2
257,James Ennis III,DEN,7,3,4,7.9,0.0,0.0,0.1,0.0,0.0,0.0,-,0.0
258,James Harden,PHI,65,40,25,37.2,7.0,2.6,7.4,34.4,1.9,5.8,33.2,47.3
259,James Johnson,BKN,62,30,32,19.2,0.3,0.1,0.6,19.4,0.0,0.3,16.7,23.6
260,Jamorko Pickett,DET,13,4,9,13.6,0.5,0.2,0.5,33.3,0.2,0.2,100,50.0
261,Jared Butler,UTA,42,31,11,8.6,1.7,0.7,1.7,38.4,0.4,1.3,30.9,50.0
262,Jared Harper,NOP,5,2,3,8.6,3.2,1.4,2.2,63.6,0.4,0.8,50.0,72.7
263,Jaren Jackson Jr.,MEM,78,53,25,27.3,0.5,0.2,0.7,29.3,0.1,0.3,25.0,34.5
264,Jarred Vanderbilt,MIN,74,41,33,25.4,0.0,0.0,0.0,33.3,0.0,0.0,0.0,33.3
265,Jarrett Allen,CLE,56,35,21,32.3,0.1,0.1,0.1,42.9,0.0,0.0,50.0,50.0
266,Jarrett Culver,MEM,37,28,9,9.1,0.7,0.3,1.0,33.3,0.1,0.3,25.0,37.5
267,Jarron Cumberland,POR,3,0,3,4.1,0.0,0.0,0.0,-,0.0,0.0,-,-
268,Javin DeLaurier,MIL,1,1,0,2.8,0.0,0.0,0.0,-,-,-,-,-
269,Javonte Green,CHI,65,38,27,23.4,0.2,0.1,0.2,45.5,0.0,0.0,50.0,50.0
270,Javonte Smart,MIA,17,11,6,11.8,0.7,0.3,1.3,22.7,0.1,0.6,20.0,27.3
271,Jaxson Hayes,NOP,70,29,41,20.0,0.1,0.0,0.2,15.4,0.0,0.1,20.0,19.2
272,Jay Huff,LAL,4,0,4,5.1,0.0,0.0,0.0,-,0.0,0.0,-,-
273,Jay Scrubb,LAC,18,8,10,6.7,0.8,0.3,0.7,46.2,0.1,0.3,40.0,53.8
274,Jaylen Brown,BOS,66,43,23,33.6,5.3,2.2,5.6,39.8,0.8,2.4,34.8,47.4
275,Jaylen Hoard,OKC,7,2,5,34.2,1.0,0.4,1.4,30.0,0.1,0.6,25.0,35.0
276,Jaylen Morris,SAS,3,0,3,5.3,0.0,0.0,0.3,0.0,0.0,0.3,0.0,0.0
277,Jaylen Nowell,MIN,62,37,25,15.7,2.1,0.9,2.0,45.2,0.3,0.7,41.3,52.8
278,Jaysean Paige,DET,1,1,0,6.6,0.0,0.0,1.0,0.0,0.0,0.0,-,0.0
279,Jayson Tatum,BOS,76,49,27,35.9,7.5,2.9,8.2,35.2,1.7,5.0,33.4,45.4
280,Jeff Dowtin Jr.,ORL,9,4,5,12.0,0.7,0.3,1.0,33.3,0.0,0.2,0.0,33.3
281,Jeff Green,DEN,75,44,31,24.7,0.5,0.2,0.7,32.1,0.0,0.1,33.3,34.8
282,Jemerrio Jones,LAL,2,0,2,7.4,0.0,0.0,0.0,-,-,-,-,-
283,Jerami Grant,DET,47,11,36,31.9,3.1,1.5,4.2,36.0,0.1,0.4,30.0,37.6
284,Jeremiah Robinson-Earl,OKC,49,15,34,22.2,0.1,0.1,0.2,27.3,0.0,0.1,0.0,27.3
285,Jeremy Lamb,SAC,56,23,33,16.7,2.1,0.9,2.4,37.1,0.3,1.0,32.7,43.9
286,Jericho Sims,NYK,41,19,22,13.5,0.0,0.0,0.0,0.0,-,-,-,0.0
287,Jevon Carter,MIL,66,39,27,13.7,1.8,0.7,1.7,44.0,0.4,0.8,45.3,55.0
288,Jimmy Butler,MIA,57,38,19,33.9,3.6,1.7,4.4,39.2,0.1,0.7,19.0,40.8
289,Jock Landale,SAS,54,24,30,10.9,0.1,0.1,0.1,42.9,0.0,0.1,33.3,50.0
290,Joe Harris,BKN,14,10,4,30.2,1.2,0.5,1.1,43.8,0.2,0.5,42.9,53.1
291,Joe Ingles,POR,45,28,17,24.9,1.6,0.6,1.8,30.9,0.5,1.6,29.7,44.4
292,Joe Johnson,BOS,1,1,0,2.0,2.0,1.0,1.0,100,-,-,-,100
293,Joe Wieskamp,SAS,29,11,18,7.1,0.4,0.1,0.5,26.7,0.1,0.4,27.3,36.7
294,Joel Ayayi,WAS,7,1,6,2.9,0.3,0.1,0.7,20.0,0.0,0.1,0.0,20.0
295,Joel Embiid,PHI,68,45,23,33.8,6.5,3.0,7.3,41.1,0.5,1.3,35.6,44.4
296,John Collins,ATL,54,26,28,30.8,0.8,0.4,1.0,40.7,0.0,0.1,33.3,41.7
297,John Konchar,MEM,72,48,24,17.9,0.3,0.1,0.5,30.3,0.1,0.2,36.4,36.4
298,Jon Teske,MEM,3,3,0,2.6,0.0,0.0,0.0,-,-,-,-,-
299,Jonas Valanciunas,NOP,74,34,40,30.3,0.6,0.3,0.9,32.8,0.0,0.0,-,32.8
300,Jonathan Kuminga,GSW,70,44,26,16.9,0.3,0.1,0.5,27.0,0.0,0.2,18.8,31.1
301,Jordan Bell,CHI,1,1,0,2.0,0.0,0.0,0.0,-,-,-,-,-
302,Jordan Clarkson,UTA,79,47,32,27.1,4.9,1.9,5.0,37.5,1.2,3.6,33.2,49.5
303,Jordan Goodwin,WAS,2,1,1,3.0,0.0,0.0,0.5,0.0,0.0,0.0,-,0.0
304,Jordan McLaughlin,MIN,62,36,26,14.5,0.5,0.2,0.6,30.6,0.1,0.4,29.2,40.3
305,Jordan Nwora,MIL,62,34,28,19.1,2.0,0.8,2.5,33.1,0.4,1.0,35.5,40.3
306,Jordan Poole,GSW,76,49,27,30.0,4.6,1.8,4.7,37.9,1.0,2.9,34.2,48.3
307,Jordan Schakel,WAS,4,1,3,7.6,0.0,0.0,0.3,0.0,0.0,0.0,-,0.0
308,Jose Alvarado,NOP,54,25,29,15.4,0.9,0.4,1.3,35.3,0.0,0.4,9.1,36.8
309,Josh Christopher,HOU,74,18,56,18.0,1.5,0.6,1.8,34.3,0.2,0.8,27.9,40.7
310,Josh Giddey,OKC,54,17,37,31.5,2.6,1.1,3.3,34.4,0.3,0.9,32.7,38.9
311,Josh Green,DAL,67,44,23,15.5,0.4,0.2,0.6,35.9,0.0,0.0,33.3,37.2
312,Josh Hart,POR,54,20,34,33.2,2.3,0.9,2.4,38.6,0.4,1.2,37.5,48.0
313,Josh Jackson,SAC,51,12,39,16.3,0.9,0.4,1.3,30.8,0.1,0.4,23.8,34.6
314,Josh Okogie,MIN,49,23,26,10.5,0.1,0.0,0.0,100,0.0,0.0,100,150.0
315,Josh Richardson,SAS,65,38,27,24.6,1.8,0.9,2.1,41.3,0.1,0.2,40.0,43.5
316,Joshua Primo,SAS,50,22,28,19.3,0.6,0.3,0.9,29.5,0.1,0.3,31.3,35.2
317,Jrue Holiday,MIL,67,47,20,32.9,7.1,2.9,6.2,45.8,1.4,3.3,40.6,56.7
318,Juan Toscano-Anderson,GSW,73,51,22,13.6,0.3,0.1,0.2,41.2,0.1,0.2,38.5,55.9
319,Juancho Hernangomez,UTA,40,20,20,11.1,0.0,0.0,0.0,0.0,0.0,0.0,0.0,0.0
320,Julius Randle,NYK,72,32,40,35.3,5.4,2.4,6.9,34.6,0.7,2.0,33.3,39.4
321,Justin Anderson,IND,16,3,13,19.7,1.4,0.6,1.3,50.0,0.2,0.4,50.0,57.5
322,Justin Champagnie,TOR,36,21,15,7.8,0.0,0.0,0.0,-,0.0,0.0,-,-
323,Justin Holiday,SAC,74,25,49,27.8,2.1,0.8,2.1,38.9,0.4,1.2,36.0,48.7
324,Justin Jackson,PHX,7,6,1,5.2,0.3,0.1,0.7,20.0,0.0,0.0,-,20.0
325,Justin Robinson,DET,25,13,12,12.1,0.8,0.3,1.2,25.8,0.1,0.5,25.0,30.6
326,Justise Winslow,POR,48,24,24,16.1,0.3,0.1,0.6,22.6,0.0,0.1,33.3,24.2
327,Jusuf Nurkic,POR,56,25,31,28.2,0.2,0.1,0.3,25.0,0.0,0.1,50.0,31.3
328,Juwan Morgan,BOS,2,1,1,15.5,0.0,0.0,0.0,-,0.0,0.0,-,-
329,KZ Okpala,MIA,21,14,7,11.6,0.1,0.0,0.1,33.3,0.0,0.0,0.0,33.3
330,Kai Jones,CHA,21,14,7,3.0,0.0,0.0,0.1,0.0,0.0,0.0,-,0.0
331,Karl-Anthony Towns,MIN,74,44,30,33.5,1.7,0.7,1.7,40.2,0.3,0.7,45.5,50.0
332,Keifer Sykes,IND,32,6,26,17.7,1.4,0.6,2.5,25.3,0.2,0.9,17.9,28.5
333,Keita Bates-Diop,SAS,59,23,36,16.2,0.2,0.1,0.3,29.4,0.0,0.1,20.0,32.4
334,Kelan Martin,BOS,30,14,16,15.0,1.4,0.7,1.9,35.7,0.1,0.5,13.3,37.5
335,Keldon Johnson,SAS,75,33,42,31.9,1.3,0.6,1.7,32.8,0.1,0.5,21.6,35.9
336,Keljin Blevins,POR,31,4,27,11.3,0.7,0.3,0.9,28.6,0.2,0.6,27.8,37.5
337,Kelly Olynyk,DET,40,13,27,19.1,1.0,0.4,1.5,25.9,0.2,0.9,25.7,33.6
338,Kelly Oubre Jr.,CHA,76,39,37,26.3,2.1,0.8,2.3,34.3,0.5,1.5,34.5,45.5
339,Kemba Walker,NYK,37,16,21,25.6,5.2,2.0,5.5,36.1,1.2,3.6,34.8,47.5
340,Kenrich Williams,OKC,49,17,32,21.9,1.3,0.6,1.5,37.0,0.2,0.5,33.3,42.5
341,Kent Bazemore,LAL,39,16,23,14.0,0.7,0.3,0.9,27.8,0.2,0.4,47.1,38.9
342,Kentavious Caldwell-Pope,WAS,77,34,43,30.2,3.5,1.6,3.9,40.1,0.4,1.2,31.2,45.0
343,Kenyon Martin Jr.,HOU,79,20,59,21.0,0.1,0.0,0.1,28.6,0.0,0.1,40.0,42.9
344,Keon Johnson,POR,37,8,29,18.8,1.7,0.6,2.4,26.1,0.5,1.1,40.5,35.8
345,Kessler Edwards,BKN,48,22,26,20.6,0.6,0.3,0.6,48.3,0.0,0.0,0.0,48.3
346,Kevin Durant,BKN,55,36,19,37.2,12.3,5.6,11.4,48.8,1.1,2.8,40.3,53.7
347,Kevin Huerter,ATL,74,40,34,29.6,3.3,1.4,3.4,42.0,0.4,1.3,29.9,47.6
348,Kevin Knox II,ATL,30,18,12,7.4,0.2,0.1,0.4,18.2,0.0,0.2,16.7,22.7
349,Kevin Love,CLE,74,38,36,22.5,1.7,0.7,1.9,35.3,0.4,1.1,36.7,45.7
350,Kevin Pangos,CLE,24,16,8,6.9,0.8,0.3,0.7,43.8,0.2,0.4,40.0,56.3
351,Kevin Porter Jr.,HOU,61,16,45,31.3,5.9,2.2,6.5,33.2,1.6,4.8,33.2,45.4
352,Kevon Looney,GSW,82,53,29,21.1,0.1,0.0,0.3,18.2,0.0,0.0,-,18.2
353,Khem Birch,TOR,55,34,21,18.0,0.1,0.1,0.2,33.3,0.0,0.0,-,33.3
354,Khris Middleton,MIL,66,44,22,32.4,7.8,3.3,8.0,41.3,1.2,3.3,36.1,48.8
355,Killian Hayes,DET,66,21,45,25.0,1.2,0.6,2.1,27.7,0.1,0.5,12.5,29.2
356,Killian Tillie,MEM,36,27,9,12.8,0.1,0.1,0.2,28.6,0.0,0.1,25.0,35.7
357,Kira Lewis Jr.,NOP,24,6,18,14.2,1.3,0.5,2.0,27.7,0.2,0.9,19.0,31.9
358,Klay Thompson,GSW,32,17,15,29.4,7.8,3.3,7.3,45.1,1.2,2.6,45.2,53.2
359,Kris Dunn,POR,14,1,13,24.0,1.6,0.8,2.1,36.7,0.0,0.2,0.0,36.7
360,Kristaps Porzingis,WAS,51,26,25,29.0,2.5,1.2,2.8,43.4,0.0,0.3,11.8,44.1
361,Kyle Anderson,MEM,69,46,23,21.5,1.0,0.5,1.4,34.4,0.0,0.2,23.1,35.9
362,Kyle Guy,MIA,19,15,4,9.8,0.8,0.4,0.9,38.9,0.1,0.5,20.0,44.4
363,Kyle Kuzma,WAS,66,29,37,33.4,2.9,1.3,3.8,33.2,0.3,1.3,27.4,37.7
364,Kyle Lowry,MIA,63,41,22,33.9,5.1,2.0,4.7,41.9,1.1,2.9,38.1,53.5
365,Kyrie Irving,BKN,29,14,15,37.6,11.2,4.8,10.9,44.0,1.6,3.7,43.5,51.4
366,LaMarcus Aldridge,BKN,47,26,21,22.3,2.0,1.0,2.0,48.9,0.0,0.0,0.0,48.9
367,LaMelo Ball,CHA,75,39,36,32.3,5.6,2.3,6.3,36.9,1.0,3.0,34.1,45.1
368,Lamar Stevens,CLE,63,35,28,16.1,0.9,0.5,1.1,40.3,0.0,0.0,0.0,40.3
369,Lance Stephenson,IND,46,11,35,17.7,2.6,1.2,3.1,38.0,0.2,0.7,33.3,41.9
370,Landry Shamet,PHX,69,53,16,20.8,1.4,0.6,1.8,33.1,0.3,0.9,27.7,40.5
371,Langston Galloway,MIL,7,4,3,15.2,1.3,0.6,1.0,57.1,0.1,0.1,100,64.3
372,Larry Nance Jr.,NOP,46,19,27,22.6,0.1,0.0,0.2,18.2,0.0,0.1,0.0,18.2
373,Lauri Markkanen,CLE,61,32,29,30.8,0.6,0.3,1.0,26.6,0.0,0.2,0.0,26.6
374,LeBron James,LAL,56,25,31,37.2,6.6,2.6,7.1,37.4,1.3,4.0,33.6,46.8
375,Leandro Bolmaro,MIN,35,19,16,6.9,0.2,0.1,0.3,25.0,0.0,0.1,33.3,29.2
376,Lindell Wigginton,MIL,19,11,8,10.5,0.3,0.1,0.4,28.6,0.1,0.4,28.6,42.9
377,Lindy Waters III,OKC,25,6,19,18.6,1.6,0.6,1.3,43.8,0.5,1.2,44.8,64.1
378,Lonnie Walker IV,SAS,70,27,43,23.0,3.0,1.3,3.9,34.8,0.3,1.2,26.2,38.9
379,Lonzo Ball,CHI,35,22,13,34.6,2.9,1.1,3.1,33.9,0.7,1.8,41.3,45.9
380,Lou Williams,ATL,56,33,23,14.3,2.6,1.1,3.2,35.2,0.3,0.9,35.4,39.9
381,Louis King,SAC,10,2,8,10.4,1.7,0.7,2.2,31.8,0.3,0.8,37.5,38.6
382,Luguentz Dort,OKC,51,17,34,32.7,2.7,1.0,2.7,36.4,0.7,1.9,39.6,50.0
383,Luka Doncic,DAL,65,44,21,35.4,12.4,4.8,12.9,37.5,2.7,7.6,35.8,48.0
384,Luka Garza,DET,32,3,29,12.2,0.2,0.1,0.3,33.3,0.0,0.0,0.0,33.3
385,Luke Kennard,LAC,70,35,35,27.4,3.0,1.2,3.1,40.5,0.5,1.3,39.6,48.8
386,Luke Kornet,BOS,15,11,4,6.9,0.0,0.0,0.0,-,0.0,0.0,-,-
387,MJ Walker,PHX,2,1,1,4.2,0.0,0.0,0.5,0.0,0.0,0.0,-,0.0
388,Mac McClung,LAL,2,2,0,12.2,1.0,0.5,1.0,50.0,0.0,0.5,0.0,50.0
389,Malachi Flynn,TOR,44,25,19,12.2,1.3,0.5,1.8,30.4,0.2,0.8,20.6,34.8
390,Malcolm Brogdon,IND,36,14,22,33.5,4.7,2.0,5.4,36.2,0.8,2.6,29.8,43.4
391,Malcolm Hill,CHI,19,8,11,11.2,0.4,0.2,0.3,50.0,0.1,0.2,50.0,66.7
392,Malik Beasley,MIN,79,46,33,25.0,2.2,0.8,2.4,34.4,0.5,1.5,35.5,45.6
393,Malik Fitts,BOS,15,13,2,4.2,0.0,0.0,0.1,0.0,0.0,0.0,-,0.0
394,Malik Monk,LAL,76,32,44,28.1,3.0,1.1,3.2,35.7,0.8,2.3,34.5,47.9
395,Malik Newman,CLE,1,0,1,7.7,4.0,2.0,4.0,50.0,0.0,1.0,0.0,50.0
396,Mamadi Diakite,OKC,13,4,9,14.4,0.0,0.0,0.1,0.0,0.0,0.0,-,0.0
397,Marcus Garrett,MIA,12,11,1,10.7,0.2,0.1,0.3,33.3,0.0,0.0,-,33.3
398,Marcus Morris Sr.,LAC,54,26,28,29.0,5.6,2.7,6.1,43.9,0.2,0.9,27.7,45.9
399,Marcus Smart,BOS,71,47,24,32.3,1.0,0.4,1.5,26.4,0.2,0.8,22.0,32.3
400,Markelle Fultz,ORL,18,6,12,20.0,3.7,1.8,4.5,39.5,0.1,0.4,28.6,40.7
401,Markieff Morris,MIA,17,10,7,17.5,1.1,0.5,1.5,36.0,0.0,0.1,0.0,36.0
402,Marko Simonovic,CHI,9,4,5,3.9,0.0,0.0,0.0,-,0.0,0.0,-,-
403,Markus Howard,DEN,31,17,14,5.7,1.4,0.5,1.5,31.3,0.4,1.2,31.6,43.8
404,Marquese Chriss,DAL,34,24,10,10.2,0.1,0.0,0.1,25.0,0.0,0.1,25.0,37.5
405,Marvin Bagley III,DET,48,17,31,23.9,0.3,0.1,0.5,23.1,0.0,0.1,25.0,25.0
406,Mason Jones,LAL,4,2,2,12.6,1.3,0.5,1.3,40.0,0.3,0.8,33.3,50.0
407,Mason Plumlee,CHA,73,40,33,24.6,0.1,0.0,0.2,27.3,0.0,0.0,0.0,27.3
408,Matisse Thybulle,PHI,66,43,23,25.5,0.3,0.1,0.2,40.0,0.1,0.2,50.0,56.7
409,Matt Mooney,NYK,1,1,0,1.9,0.0,0.0,0.0,-,0.0,0.0,-,-
410,Matt Ryan,BOS,1,1,0,5.3,0.0,0.0,0.0,-,0.0,0.0,-,-
411,Matt Thomas,CHI,40,23,17,11.5,1.7,0.7,1.5,45.9,0.3,0.6,40.0,54.1
412,Maurice Harkless,SAC,47,15,32,18.4,0.1,0.0,0.2,18.2,0.0,0.1,14.3,22.7
413,Max Strus,MIA,68,46,22,23.3,1.4,0.5,1.3,37.8,0.4,1.1,38.4,53.3
414,Maxi Kleber,DAL,59,36,23,24.6,0.2,0.1,0.5,17.2,0.0,0.1,20.0,19.0
415,McKinley Wright IV,MIN,5,3,2,3.8,0.6,0.2,0.4,50.0,0.2,0.4,50.0,75.0
416,Melvin Frazier Jr.,OKC,3,0,3,39.9,0.0,0.0,0.3,0.0,0.0,0.3,0.0,0.0
417,Micah Potter,DET,3,2,1,10.3,0.0,0.0,0.0,-,0.0,0.0,-,-
418,Michael Porter Jr.,DEN,9,5,4,29.4,3.1,1.3,3.9,34.3,0.4,1.8,25.0,40.0
419,Mikal Bridges,PHX,82,64,18,34.8,2.5,1.2,2.5,47.3,0.1,0.4,31.0,49.5
420,Mike Conley,UTA,72,44,28,28.6,6.0,2.2,5.4,41.2,1.6,3.9,40.9,55.9
421,Mike Muscala,OKC,43,15,28,13.8,0.3,0.1,0.2,62.5,0.0,0.0,50.0,68.8
422,Miles Bridges,CHA,80,41,39,35.5,2.3,0.9,3.0,29.6,0.6,2.0,28.0,39.0
423,Miles McBride,NYK,40,19,21,9.3,0.8,0.3,1.1,26.7,0.2,0.8,23.3,34.4
424,Mitchell Robinson,NYK,72,32,40,25.7,0.0,0.0,0.0,-,-,-,-,-
425,Miye Oni,UTA,16,15,1,2.8,0.0,0.0,0.1,0.0,0.0,0.1,0.0,0.0
426,Mo Bamba,ORL,71,19,52,25.7,0.4,0.2,0.6,26.1,0.0,0.1,10.0,27.2
427,Monte Morris,DEN,75,44,31,29.9,3.8,1.7,3.9,44.5,0.3,0.9,32.4,48.5
428,Montrezl Harrell,CHA,71,36,35,23.1,0.5,0.2,0.7,31.9,0.0,0.1,28.6,34.0
429,Moritz Wagner,ORL,63,16,47,15.2,0.0,0.0,0.1,12.5,0.0,0.1,14.3,18.8
430,Moses Brown,CLE,40,19,21,8.6,0.0,0.0,0.0,-,-,-,-,-
431,Moses Moody,GSW,52,35,17,11.7,0.5,0.2,0.5,41.7,0.1,0.2,40.0,50.0
432,Moses Wright,DAL,4,4,0,3.7,0.0,0.0,0.3,0.0,0.0,0.0,-,0.0
433,Mychal Mulder,MIA,17,3,14,14.1,0.5,0.2,0.6,30.0,0.1,0.4,33.3,40.0
434,Myles Powell,PHI,11,8,3,4.7,0.3,0.1,0.6,14.3,0.1,0.5,20.0,21.4
435,Myles Turner,IND,42,15,27,29.4,0.7,0.3,0.7,44.8,0.1,0.3,27.3,50.0
436,Naji Marshall,NOP,55,23,32,13.4,0.6,0.3,0.7,36.8,0.1,0.2,33.3,40.8
437,Nassir Little,POR,42,19,23,25.9,1.2,0.5,1.3,38.2,0.2,0.6,34.6,46.4
438,Nate Hinton,IND,2,0,2,1.2,0.0,0.0,0.0,-,-,-,-,-
439,Nathan Knight,MIN,37,22,15,7.2,0.0,0.0,0.1,0.0,0.0,0.0,0.0,0.0
440,Naz Reid,MIN,77,42,35,15.8,0.0,0.0,0.1,12.5,0.0,0.1,20.0,18.8
441,Neemias Queta,SAC,15,4,11,8.0,0.1,0.1,0.1,50.0,-,-,-,50.0
442,Nemanja Bjelica,GSW,71,48,23,16.1,0.2,0.1,0.3,30.0,0.1,0.2,36.4,40.0
443,Nerlens Noel,NYK,25,10,15,22.5,0.2,0.1,0.2,50.0,0.0,0.0,0.0,50.0
444,Nic Claxton,BKN,47,24,23,20.7,0.0,0.0,0.0,100,-,-,-,100
445,Nick Richards,CHA,50,25,25,7.3,0.1,0.1,0.1,100,-,-,-,100
446,Nickeil Alexander-Walker,UTA,65,29,36,22.6,1.9,0.8,2.6,29.6,0.4,1.3,29.3,36.7
447,Nicolas Batum,LAC,59,31,28,24.8,0.8,0.3,0.9,34.0,0.2,0.4,34.6,42.5
448,Nik Stauskas,BOS,8,7,1,4.8,0.6,0.3,0.9,28.6,0.1,0.5,25.0,35.7
449,Nikola Jokic,DEN,74,46,28,33.5,1.4,0.6,1.5,44.4,0.1,0.5,32.4,49.5
450,Nikola Vucevic,CHI,73,41,32,33.1,0.9,0.4,1.0,40.8,0.0,0.0,33.3,41.4
451,Norman Powell,LAC,45,15,30,32.4,3.8,1.5,3.8,40.6,0.7,2.0,35.2,49.7
452,Norvel Pelle,UTA,3,0,3,6.3,0.0,0.0,0.0,-,-,-,-,-
453,O.G. Anunoby,TOR,48,31,17,36.0,2.8,1.2,3.9,29.9,0.4,1.6,26.7,35.3
454,Obi Toppin,NYK,72,32,40,17.1,0.1,0.0,0.2,18.8,0.0,0.1,0.0,18.8
455,Olivier Sarr,OKC,22,6,16,19.1,0.2,0.1,0.2,40.0,0.0,0.0,-,40.0
456,Omer Yurtseven,MIA,56,39,17,12.6,0.1,0.1,0.2,25.0,0.0,0.0,-,25.0
457,Onyeka Okongwu,ATL,48,26,22,20.7,0.1,0.0,0.1,66.7,-,-,-,66.7
458,Oshae Brissett,IND,67,19,48,23.3,0.3,0.1,0.6,21.4,0.1,0.3,23.8,27.4
459,Otto Porter Jr.,GSW,63,41,22,22.2,1.1,0.5,1.0,47.6,0.1,0.3,56.3,54.8
460,P.J. Dozier,DEN,18,9,9,18.9,1.4,0.6,1.9,31.4,0.2,0.8,21.4,35.7
461,P.J. Tucker,MIA,71,45,26,27.9,0.4,0.2,0.4,39.3,0.0,0.1,60.0,44.6
462,P.J. Washington,CHA,65,33,32,27.2,0.6,0.2,0.6,30.0,0.2,0.5,35.3,45.0
463,Paris Bass,PHX,2,2,0,3.7,0.0,0.0,0.0,-,0.0,0.0,-,-
464,Pascal Siakam,TOR,68,40,28,37.9,4.1,2.0,5.0,39.1,0.1,0.5,25.7,40.4
465,Pat Connaughton,MIL,65,41,24,26.0,0.3,0.1,0.3,42.9,0.1,0.2,30.8,52.4
466,Patrick Beverley,MIN,58,33,25,25.4,1.4,0.5,2.0,27.0,0.3,1.2,25.0,34.8
467,Patrick Williams,CHI,17,9,8,24.8,2.0,0.9,2.1,45.7,0.1,0.2,50.0,48.6
468,Patty Mills,BKN,81,44,37,29.0,2.9,1.2,3.3,34.7,0.5,1.6,33.3,42.6
469,Paul George,LAC,31,18,13,34.8,9.9,4.1,11.4,36.3,1.6,5.1,32.5,43.5
470,Paul Millsap,PHI,33,22,11,11.4,0.1,0.0,0.2,12.5,0.0,0.1,0.0,12.5
471,Paul Reed,PHI,38,21,17,8.0,0.0,0.0,0.1,0.0,0.0,0.0,-,0.0
472,Paul Watson,OKC,9,2,7,17.4,0.2,0.1,0.4,25.0,0.0,0.3,0.0,25.0
473,Payton Pritchard,BOS,71,46,25,14.1,1.9,0.7,1.7,41.9,0.4,1.0,39.2,53.6
474,Petr Cornelie,DEN,13,3,10,2.9,0.0,0.0,0.1,0.0,0.0,0.1,0.0,0.0
475,Precious Achiuwa,TOR,73,46,27,23.6,0.7,0.3,1.0,30.3,0.0,0.2,18.2,31.6
476,Quentin Grimes,NYK,46,21,25,17.1,0.8,0.3,1.2,27.3,0.2,0.8,25.7,35.5
477,Quinndary Weatherspoon,GSW,11,8,3,6.7,0.0,0.0,0.3,0.0,0.0,0.2,0.0,0.0
478,R.J. Hampton,ORL,64,15,49,21.9,0.7,0.3,1.3,20.7,0.2,0.8,20.8,26.8
479,RJ Barrett,NYK,70,33,37,34.5,2.1,0.9,3.1,28.4,0.3,1.3,25.3,33.7
480,RJ Nembhard Jr.,CLE,14,6,8,4.5,0.0,0.0,0.3,0.0,0.0,0.1,0.0,0.0
481,Rajon Rondo,CLE,39,16,23,17.9,0.8,0.3,1.2,25.5,0.2,0.6,24.0,31.9
482,Raul Neto,WAS,70,29,41,19.6,1.9,0.9,2.0,43.8,0.2,0.6,38.1,49.6
483,Rayjon Tucker,MIL,5,2,3,14.2,1.2,0.4,1.0,40.0,0.4,0.6,66.7,60.0
484,Reggie Bullock,DAL,68,44,24,28.0,0.7,0.3,0.9,35.6,0.1,0.4,20.0,40.7
485,Reggie Jackson,LAC,75,38,37,31.2,6.3,2.6,7.4,35.5,1.0,3.1,33.3,42.5
486,Reggie Perry,POR,10,0,10,18.7,0.6,0.3,0.9,33.3,0.0,0.2,0.0,33.3
487,Richaun Holmes,SAC,45,16,29,23.9,0.1,0.1,0.2,33.3,0.0,0.0,-,33.3
488,Ricky Rubio,IND,34,20,14,28.5,4.6,1.9,5.2,36.0,0.9,2.4,35.8,44.1
489,Rob Edwards,OKC,2,0,2,5.4,1.5,0.5,1.0,50.0,0.5,1.0,50.0,75.0
490,Robert Covington,LAC,71,34,37,27.3,0.7,0.3,0.7,40.4,0.2,0.4,48.1,54.3
491,Robert Williams III,BOS,61,40,21,29.6,0.1,0.0,0.0,100,0.0,0.0,-,100
492,Robert Woodard II,SAS,12,0,12,3.5,0.0,0.0,0.4,0.0,0.0,0.1,0.0,0.0
493,Robin Lopez,ORL,36,9,27,17.0,0.1,0.1,0.3,18.2,0.0,0.0,0.0,18.2
494,Rodney Hood,LAC,52,30,22,13.6,0.8,0.3,1.0,33.3,0.1,0.4,35.0,40.2
495,Rodney McGruder,DET,51,13,38,14.8,0.5,0.2,0.6,31.0,0.1,0.4,27.8,39.7
496,Romeo Langford,SAS,48,24,24,16.1,0.6,0.3,0.6,46.4,0.1,0.2,44.4,53.6
497,Royce O'Neale,UTA,77,46,31,31.2,0.5,0.2,0.4,41.2,0.2,0.4,44.8,60.3
498,Rudy Gay,UTA,55,34,21,18.9,1.5,0.6,1.9,34.3,0.2,0.7,33.3,40.2
499,Rudy Gobert,UTA,66,42,24,32.1,0.0,0.0,0.1,16.7,0.0,0.0,-,16.7
500,Rui Hachimura,WAS,42,16,26,22.5,2.0,1.0,2.7,36.0,0.0,0.1,16.7,36.4
501,Russell Westbrook,LAL,78,31,47,34.3,4.0,1.8,5.1,35.2,0.4,1.4,30.3,39.3
502,Ryan Arcidiacono,NYK,10,8,2,7.6,0.5,0.2,0.4,50.0,0.1,0.2,50.0,62.5
503,Saben Lee,DET,37,8,29,16.3,0.4,0.2,1.0,16.7,0.1,0.8,14.3,22.2
504,Saddiq Bey,DET,82,23,59,33.0,2.9,1.2,3.8,31.4,0.5,1.8,25.3,37.5
505,Sam Dekker,TOR,1,1,0,0.9,0.0,0.0,0.0,-,-,-,-,-
506,Sam Hauser,BOS,26,20,6,6.1,0.3,0.1,0.3,42.9,0.1,0.3,42.9,64.3
507,Sam Merrill,MEM,6,2,4,9.6,1.0,0.3,1.3,25.0,0.3,1.3,25.0,37.5
508,Sandro Mamukelashvili,MIL,41,22,19,9.9,0.1,0.0,0.1,33.3,0.0,0.1,33.3,41.7
509,Santi Aldama,MEM,32,20,12,11.2,0.1,0.1,0.4,14.3,0.0,0.1,0.0,14.3
510,Scottie Barnes,TOR,74,43,31,35.4,1.9,0.9,2.3,37.6,0.1,0.4,31.3,40.6
511,Scottie Lewis,CHA,2,1,1,3.3,0.0,0.0,0.0,-,-,-,-,-
512,Scotty Hopson,OKC,1,0,1,17.7,4.0,2.0,2.0,100,0.0,0.0,-,100
513,Sekou Doumbouya,LAL,2,0,2,8.2,0.0,0.0,0.0,-,0.0,0.0,-,-
514,Semi Ojeleye,LAC,30,14,16,13.5,0.6,0.3,0.7,40.0,0.1,0.2,42.9,47.5
515,Serge Ibaka,MIL,54,30,24,16.3,0.2,0.1,0.3,31.3,0.0,0.1,66.7,37.5
516,Seth Curry,BKN,64,38,26,33.3,6.4,2.8,6.0,47.4,0.7,2.1,34.8,53.5
517,Shai Gilgeous-Alexander,OKC,56,16,40,34.7,7.0,2.9,8.2,35.1,1.2,4.4,27.3,42.4
518,Shake Milton,PHI,55,34,21,21.4,1.9,0.9,2.5,35.0,0.2,0.7,28.9,39.1
519,Shaq Buchanan,MEM,2,2,0,4.9,0.0,0.0,0.5,0.0,0.0,0.5,0.0,0.0
520,Shaquille Harrison,BKN,2,1,1,11.3,0.0,0.0,0.5,0.0,0.0,0.0,-,0.0
521,Sharife Cooper,ATL,13,8,5,3.0,0.2,0.1,0.2,33.3,0.1,0.2,33.3,50.0
522,Skylar Mays,ATL,28,17,11,7.9,0.2,0.1,0.3,37.5,0.0,0.1,0.0,37.5
523,Solomon Hill,ATL,13,7,6,10.7,0.0,0.0,0.1,0.0,0.0,0.1,0.0,0.0
524,Spencer Dinwiddie,DAL,67,38,29,29.6,3.9,1.5,4.5,33.8,0.8,2.7,31.5,43.1
525,Stanley Johnson,LAL,48,16,32,22.8,0.9,0.4,0.6,61.3,0.1,0.2,62.5,69.4
526,Stephen Curry,GSW,64,45,19,34.5,9.5,3.5,9.0,39.0,2.4,6.5,37.4,52.5
527,Sterling Brown,DAL,49,31,18,12.8,0.5,0.2,0.5,38.5,0.1,0.2,40.0,46.2
528,Steven Adams,MEM,76,51,25,26.3,0.0,0.0,0.1,20.0,0.0,0.0,0.0,20.0
529,Svi Mykhailiuk,TOR,56,29,27,12.8,0.8,0.3,1.1,30.0,0.2,0.7,28.9,39.2
530,T.J. McConnell,IND,27,9,18,24.2,2.4,1.1,2.4,48.4,0.1,0.3,37.5,50.8
531,Tacko Fall,CLE,11,4,7,5.3,0.0,0.0,0.0,-,-,-,-,-
532,Taj Gibson,NYK,52,24,28,18.2,0.1,0.0,0.1,28.6,0.0,0.0,0.0,28.6
533,Talen Horton-Tucker,LAL,60,23,37,25.2,2.0,0.9,2.7,32.1,0.3,1.2,26.8,38.1
534,Taurean Prince,MIN,69,40,29,17.1,1.0,0.4,1.0,40.3,0.1,0.5,31.3,47.2
535,Terance Mann,LAC,81,41,40,28.6,2.2,1.0,2.8,34.6,0.3,1.0,26.9,39.3
536,Terence Davis,SAC,30,11,19,17.9,2.4,0.9,2.4,35.6,0.7,2.0,35.6,50.0
537,Terrence Ross,ORL,63,14,49,23.0,3.4,1.5,4.0,37.6,0.4,1.4,26.4,42.4
538,Terry Rozier,CHA,73,38,35,33.7,5.2,2.2,5.3,41.0,0.9,2.5,34.6,49.2
539,Terry Taylor,IND,33,7,26,21.6,0.3,0.2,0.4,38.5,0.0,0.1,25.0,42.3
540,Thaddeus Young,TOR,52,27,25,16.3,0.2,0.1,0.3,29.4,0.0,0.1,16.7,32.4
541,Thanasis Antetokounmpo,MIL,48,26,22,9.9,0.1,0.0,0.2,22.2,0.0,0.1,20.0,27.8
542,Theo Maledon,OKC,51,14,37,17.8,1.2,0.5,1.3,35.4,0.3,0.7,37.8,46.2
543,Theo Pinson,DAL,19,14,5,7.8,0.5,0.2,0.6,33.3,0.1,0.3,16.7,37.5
544,Thomas Bryant,WAS,27,8,19,16.3,0.2,0.1,0.3,42.9,0.0,0.0,0.0,42.9
545,Tim Frazier,CLE,12,1,11,17.3,1.1,0.4,1.8,23.8,0.3,0.6,42.9,31.0
546,Tim Hardaway Jr.,DAL,42,24,18,29.6,4.4,1.9,5.1,36.4,0.7,2.2,31.9,43.2
547,Timothe Luwawu-Cabarrot,ATL,52,30,22,13.2,0.4,0.2,0.3,50.0,0.1,0.2,62.5,65.6
548,Tobias Harris,PHI,73,45,28,34.8,3.2,1.5,3.6,41.6,0.2,0.6,43.9,45.0
549,Tomas Satoransky,WAS,55,21,34,16.5,0.7,0.3,1.0,29.8,0.0,0.2,22.2,31.6
550,Tony Bradley,CHI,55,28,27,10.0,0.0,0.0,0.0,50.0,-,-,-,50.0
551,Tony Snell,NOP,53,19,34,15.5,0.3,0.1,0.3,38.9,0.0,0.1,28.6,44.4
552,Torrey Craig,PHX,78,36,42,20.5,0.6,0.3,0.8,30.8,0.1,0.3,30.0,35.4
553,Trae Young,ATL,76,40,36,34.9,12.7,5.1,12.0,42.4,2.6,6.9,37.0,53.0
554,Trayvon Palmer,DET,1,0,1,16.8,0.0,0.0,0.0,-,-,-,-,-
555,Tre Jones,SAS,69,32,37,16.6,1.4,0.7,1.5,44.8,0.0,0.2,13.3,45.7
556,Tre Mann,OKC,60,17,43,22.8,4.3,1.7,4.5,38.1,0.9,2.5,34.2,47.8
557,Tremont Waters,WAS,3,0,3,16.8,1.7,0.7,3.3,20.0,0.3,2.7,12.5,25.0
558,Trendon Watford,POR,48,16,32,18.1,0.3,0.2,0.6,27.6,0.0,0.0,0.0,27.6
559,Trent Forrest,UTA,60,36,24,12.8,0.3,0.1,0.3,38.9,0.0,0.1,20.0,41.7
560,Trevelin Queen,HOU,10,1,9,7.4,1.5,0.5,1.1,45.5,0.5,1.1,45.5,68.2
561,Trevon Scott,CLE,2,1,1,5.7,0.0,0.0,0.5,0.0,0.0,0.0,-,0.0
562,Trevor Ariza,LAL,24,8,16,19.3,0.1,0.0,0.3,12.5,0.0,0.3,16.7,18.8
563,Trey Burke,DAL,42,24,18,10.5,1.8,0.8,2.5,33.7,0.2,0.6,25.9,37.0
564,Trey Lyles,SAC,75,19,56,20.5,0.5,0.2,0.9,28.1,0.0,0.2,12.5,29.7
565,Trey Murphy III,NOP,62,31,31,13.9,0.2,0.1,0.4,18.2,0.0,0.2,27.3,25.0
566,Tristan Thompson,CHI,57,20,37,15.7,0.1,0.1,0.1,37.5,0.0,0.0,0.0,37.5
567,Troy Brown Jr.,CHI,66,37,29,16.0,0.3,0.1,0.4,29.6,0.0,0.1,25.0,33.3
568,Ty Jerome,OKC,48,15,33,16.7,1.7,0.7,2.1,35.4,0.3,1.0,24.5,41.4
569,Tyler Cook,CHI,20,13,7,10.0,0.0,0.0,0.0,-,-,-,-,-
570,Tyler Hall,NYK,1,1,0,1.9,0.0,0.0,0.0,-,-,-,-,-
571,Tyler Herro,MIA,66,44,22,32.6,7.5,3.1,8.2,38.4,1.3,3.4,37.5,46.2
572,Tyler Johnson,SAS,6,2,4,15.2,0.3,0.2,1.0,16.7,0.0,0.2,0.0,16.7
573,Tyrell Terry,MEM,2,2,0,1.5,1.0,0.5,0.5,100,-,-,-,100
574,Tyrese Haliburton,IND,77,26,51,35.0,6.8,2.8,6.4,43.4,1.2,3.1,40.4,53.0
575,Tyrese Maxey,PHI,75,45,30,35.3,5.0,2.1,5.2,40.2,0.8,1.9,40.3,47.6
576,Tyrone Wallace,NOP,6,4,2,12.5,0.0,0.0,0.5,0.0,0.0,0.2,0.0,0.0
577,Tyus Jones,MEM,73,51,22,21.2,3.0,1.4,3.4,40.8,0.2,0.6,30.4,43.6
578,Udoka Azubuike,UTA,17,11,6,11.5,0.0,0.0,0.0,-,-,-,-,-
579,Udonis Haslem,MIA,13,10,3,6.4,0.2,0.1,0.2,33.3,0.0,0.0,-,33.3
580,Usman Garuba,HOU,24,2,22,10.0,0.0,0.0,0.1,0.0,0.0,0.1,0.0,0.0
581,Vernon Carey Jr.,WAS,7,3,4,6.3,0.3,0.1,0.1,100,-,-,-,100
582,Victor Oladipo,MIA,8,4,4,21.6,4.1,1.6,3.8,43.3,0.9,2.0,43.8,55.0
583,Vit Krejci,OKC,30,8,22,23.0,0.8,0.3,0.9,33.3,0.2,0.6,35.3,44.4
584,Vlatko Cancar,DEN,15,7,8,11.8,0.3,0.1,0.2,66.7,0.1,0.1,100,83.3
585,Wayne Ellington,LAL,43,15,28,18.8,1.2,0.4,1.4,29.5,0.3,1.2,29.4,41.8
586,Wayne Selden,NYK,3,2,1,6.4,1.0,0.3,0.3,100,0.3,0.3,100,150.0
587,Wendell Carter Jr.,ORL,62,16,46,29.9,1.2,0.6,1.1,52.2,0.0,0.1,28.6,53.7
588,Wenyen Gabriel,LAL,26,8,18,13.8,0.1,0.0,0.1,50.0,0.0,0.0,100,75.0
589,Wes Iwundu,ATL,3,2,1,27.4,0.7,0.3,1.0,33.3,0.0,0.0,-,33.3
590,Wesley Matthews,MIL,49,33,16,20.5,0.2,0.1,0.5,17.4,0.0,0.4,11.1,21.7
591,Will Barton,DEN,71,41,30,32.1,3.8,1.5,4.0,37.7,0.8,2.3,33.8,47.2
592,Willie Cauley-Stein,PHI,20,12,8,9.1,0.1,0.1,0.1,100,0.0,0.0,-,100
593,Willy Hernangomez,NOP,50,22,28,16.8,0.1,0.0,0.2,25.0,0.0,0.1,25.0,31.3
594,Xavier Moon,LAC,10,7,3,13.7,3.6,1.7,2.8,60.7,0.2,0.5,40.0,64.3
595,Xavier Sneed,UTA,9,7,2,4.3,0.0,0.0,0.2,0.0,0.0,0.1,0.0,0.0
596,Xavier Tillman,MEM,53,35,18,13.2,0.4,0.2,0.5,37.5,0.0,0.1,25.0,39.6
597,Yuta Watanabe,TOR,38,21,17,11.7,0.3,0.1,0.4,29.4,0.0,0.1,0.0,29.4
598,Yves Pons,MEM,12,9,3,5.9,0.0,0.0,0.0,-,0.0,0.0,-,-
599,Zach Collins,SAS,28,14,14,17.9,0.3,0.1,0.2,80.0,0.0,0.0,-,80.0
600,Zach LaVine,CHI,67,37,30,34.7,7.6,3.1,8.5,36.6,1.4,4.3,33.3,45.1
601,Zavier Simpson,OKC,4,1,3,43.5,2.0,1.0,3.0,33.3,0.0,0.8,0.0,33.3
602,Zeke Nnaji,DEN,41,24,17,17.0,0.0,0.0,0.1,0.0,0.0,0.0,-,0.0
603,Ziaire Williams,MEM,62,41,21,21.7,1.1,0.5,1.4,35.6,0.1,0.4,24.0,39.1
604,Zylan Cheatham,UTA,1,0,1,5.2,0.0,0.0,0.0,-,0.0,0.0,-,-
