,PLAYER,TEAM,GP,Poss,Freq%,PPP,PTS,FGM,FGA,FG%,eFG%,FT Freq%,TOV Freq%,SF Freq%,AndÂ One Freq%,Score Freq%,Percentile
0,Jarrett Allen,CLE,56,4.0,29.8,1.34,5.3,2.3,3.3,68.8,68.8,15.8,3.6,15.3,3.2,68.9,63.2
1,Rudy Gobert,UTA,66,3.1,24.9,1.36,4.3,1.6,2.2,73.0,73.0,25.1,8.2,24.2,4.8,69.6,65.8
2,Robert Williams III,BOS,61,3.0,38.0,1.53,4.5,2.1,2.6,81.4,81.4,10.0,6.7,10.0,3.3,76.1,91.5
3,Evan Mobley,CLE,69,3.0,19.4,1.27,3.8,1.6,2.4,67.9,67.9,17.3,5.8,16.8,2.9,67.3,48.2
4,Clint Capela,ATL,74,2.6,26.5,1.28,3.3,1.5,2.3,67.9,67.9,11.5,3.1,11.5,2.6,65.4,49.7
5,Dwight Powell,DAL,82,1.9,28.8,1.52,2.9,1.2,1.6,74.0,74.0,25.2,4.4,25.8,12.6,72.3,90.7
6,Jakob Poeltl,SAS,68,2.8,22.1,1.27,3.5,1.6,2.5,65.9,65.9,10.1,2.1,9.5,0.5,66.1,48.4
7,Kevon Looney,GSW,82,2.3,37.9,1.27,2.9,1.3,1.9,68.8,68.8,13.9,4.3,13.9,2.1,66.8,46.4
8,Deandre Ayton,PHX,58,2.9,20.0,1.38,4.1,1.8,2.6,69.5,69.5,10.6,4.1,10.6,3.5,68.8,68.9
9,Nikola Jokic,DEN,74,2.2,9.4,1.4,3.1,1.3,1.8,69.6,69.6,21.7,6.0,21.1,9.0,69.3,74.1
10,Bam Adebayo,MIA,56,3.6,19.5,1.17,4.2,1.7,2.8,58.5,58.5,20.1,6.0,18.6,6.0,60.3,29.5
11,Jonas Valanciunas,NOP,74,2.2,12.9,1.35,2.9,1.2,1.8,66.9,66.9,14.9,5.6,14.9,3.1,67.1,63.7
12,Ivica Zubac,LAC,76,2.0,21.5,1.41,2.8,1.1,1.6,69.7,69.7,19.6,3.9,19.0,3.3,71.9,74.4
13,Giannis Antetokounmpo,MIL,67,2.1,8.0,1.44,3.1,1.1,1.5,72.7,72.7,31.3,5.6,30.6,6.3,75.0,81.7
14,Domantas Sabonis,IND,47,3.3,18.6,1.29,4.3,1.7,2.4,69.3,69.3,20.6,10.3,20.6,4.5,66.5,51.6
15,Aaron Gordon,DEN,75,1.8,12.9,1.42,2.6,1.1,1.4,76.9,76.9,16.8,9.5,16.8,5.1,72.3,78.5
16,Jarred Vanderbilt,MIN,74,2.2,33.1,1.15,2.5,1.1,1.8,60.3,60.3,16.1,6.8,16.1,4.3,59.6,25.9
17,Daniel Gafford,WAS,72,1.8,23.6,1.45,2.5,1.1,1.5,74.5,74.5,16.7,7.1,16.7,7.9,71.4,83.2
18,Scottie Barnes,TOR,74,2.0,12.7,1.18,2.3,1.0,1.7,59.3,59.3,12.9,5.4,12.9,2.0,60.5,31.6
19,Isaiah Hartenstein,LAC,68,1.8,24.1,1.41,2.5,1.1,1.4,73.5,73.5,18.9,5.7,15.6,4.9,70.5,75.9
20,Gary Payton II,GSW,71,1.5,26.0,1.6,2.4,1.1,1.4,81.6,81.6,10.3,0.9,10.3,2.8,82.2,96.6
21,Jaxson Hayes,NOP,70,1.7,23.0,1.39,2.4,0.9,1.3,68.8,68.8,25.4,4.1,25.4,5.7,70.5,69.4
22,Mason Plumlee,CHA,73,1.9,27.8,1.18,2.2,1.0,1.5,69.2,69.2,22.3,7.9,22.3,7.2,61.2,32.1
23,Jeff Green,DEN,75,1.5,16.4,1.42,2.1,0.9,1.3,68.8,68.8,21.4,3.6,21.4,10.7,69.6,77.2
24,Onyeka Okongwu,ATL,48,2.4,36.1,1.4,3.3,1.3,1.9,68.5,68.5,21.9,3.5,21.1,6.1,70.2,72.5
25,Jusuf Nurkic,POR,56,2.4,15.7,1.17,2.8,1.1,1.8,60.4,60.4,20.7,8.9,20.7,5.2,59.3,29.3
26,Nikola Vucevic,CHI,73,1.7,9.2,1.26,2.1,1.0,1.5,63.4,63.4,6.5,2.4,5.7,0.0,64.2,44.6
27,Montrezl Harrell,WAS,46,2.1,18.8,1.52,3.2,1.3,1.7,73.8,73.8,22.4,2.0,22.4,6.1,75.5,90.9
28,Nic Claxton,BKN,47,2.3,30.9,1.39,3.2,1.4,1.9,73.6,73.6,15.9,5.6,15.9,6.5,70.1,72.3
29,Isaiah Stewart,DET,71,1.7,19.2,1.21,2.0,0.9,1.4,61.8,61.8,14.4,5.1,13.6,5.9,61.0,38.1
30,Jae'Sean Tate,HOU,78,1.6,13.0,1.17,1.8,0.8,1.3,57.7,57.7,13.1,4.1,13.1,2.5,59.8,30.1
31,JaVale McGee,PHX,74,1.4,16.9,1.36,1.9,0.8,1.2,69.7,69.7,11.5,6.7,11.5,3.8,67.3,67.1
32,P.J. Tucker,MIA,71,1.7,22.5,1.2,2.0,1.0,1.5,64.8,64.8,3.4,7.6,3.4,0.0,61.0,37.3
33,Kenyon Martin Jr.,HOU,79,1.3,16.3,1.37,1.8,0.8,1.1,72.7,72.7,11.7,6.8,11.7,3.9,69.9,67.6
34,Andrew Wiggins,GSW,73,1.5,8.6,1.33,1.9,0.8,1.2,70.9,70.9,18.9,6.6,18.9,6.6,67.0,61.1
35,LeBron James,LAL,56,1.7,6.0,1.5,2.5,1.1,1.4,77.2,77.2,16.1,5.4,15.1,6.5,75.3,86.8
36,Mo Bamba,ORL,71,1.4,13.8,1.39,2.0,0.9,1.2,72.1,72.1,10.0,6.0,10.0,2.0,69.0,71.0
37,Mitchell Robinson,NYK,72,1.3,19.8,1.44,1.9,0.9,1.1,80.2,80.2,13.5,5.2,13.5,3.1,74.0,80.3
38,Brandon Clarke,MEM,64,1.6,18.9,1.36,2.1,1.0,1.4,68.1,68.1,11.9,3.0,10.9,5.0,67.3,65.0
39,Bruce Brown,BKN,72,2.0,23.7,0.94,1.9,0.8,1.8,46.6,46.6,8.9,4.1,8.2,2.7,47.9,6.5
40,Karl-Anthony Towns,MIN,74,1.2,5.5,1.51,1.8,0.7,1.0,72.2,72.2,24.4,3.3,24.4,7.8,73.3,90.4
41,Chris Boucher,TOR,80,1.3,14.2,1.33,1.7,0.7,1.0,67.1,67.1,19.0,6.0,19.0,4.0,68.0,60.9
42,Miles Bridges,CHA,80,1.1,5.6,1.57,1.6,0.7,0.9,82.6,82.6,14.3,3.6,14.3,0.0,82.1,95.0
43,Anthony Davis,LAL,40,2.3,10.5,1.44,3.3,1.4,1.9,71.4,71.4,16.3,1.1,16.3,1.1,72.8,79.7
44,Franz Wagner,ORL,79,1.1,7.1,1.55,1.6,0.7,1.0,75.6,75.6,9.5,1.2,9.5,3.6,76.2,93.5
45,Hassan Whiteside,UTA,65,1.4,20.1,1.41,2.0,0.8,1.2,73.3,73.3,19.6,4.3,18.5,5.4,73.9,76.7
46,John Collins,ATL,54,1.6,11.4,1.45,2.4,1.0,1.4,70.1,70.1,15.7,0.0,14.6,2.2,74.2,82.6
47,Wendell Carter Jr.,ORL,62,1.7,11.9,1.22,2.1,0.9,1.3,66.7,66.7,19.8,6.6,19.8,2.8,65.1,38.3
48,Christian Wood,HOU,68,1.5,8.7,1.28,1.9,0.8,1.1,72.4,72.4,17.0,10.0,17.0,3.0,66.0,49.4
49,Moritz Wagner,ORL,63,1.3,16.3,1.53,2.0,0.7,1.0,70.8,70.8,28.9,3.6,28.9,10.8,72.3,91.7
50,Dwight Howard,LAL,60,1.7,30.8,1.25,2.1,0.8,1.3,62.3,62.3,25.5,4.9,25.5,5.9,65.7,42.5
51,Damian Jones,SAC,56,1.5,22.0,1.46,2.2,0.9,1.1,77.8,77.8,22.6,7.1,22.6,4.8,75.0,84.7
52,Steven Adams,MEM,76,1.4,18.1,1.15,1.6,0.6,1.1,56.1,56.1,25.2,3.7,24.3,5.6,59.8,26.2
53,Terance Mann,LAC,81,1.0,9.9,1.44,1.5,0.7,0.9,73.0,73.0,14.3,3.6,13.1,6.0,72.6,80.6
54,Jaylen Brown,BOS,66,1.3,5.7,1.39,1.8,0.7,1.0,72.1,72.1,21.8,5.7,19.5,5.7,70.1,71.5
55,Dewayne Dedmon,MIA,67,1.7,27.2,1.06,1.8,0.7,1.3,52.4,52.4,16.2,9.9,15.3,1.8,53.2,15.0
56,Keita Bates-Diop,SAS,59,1.4,25.4,1.36,2.0,0.8,1.2,71.0,71.0,17.6,8.2,17.6,7.1,67.1,66.8
57,Jayson Tatum,BOS,76,1.0,3.8,1.5,1.5,0.6,0.8,79.0,79.0,13.5,9.5,13.5,6.8,73.0,89.6
58,Jimmy Butler,MIA,58,1.5,7.7,1.25,1.9,0.8,1.3,61.6,61.6,17.0,6.8,14.8,6.8,60.2,43.1
59,Richaun Holmes,SAC,45,2.0,23.0,1.21,2.4,1.1,1.8,63.0,63.0,7.7,5.5,6.6,2.2,61.5,37.6
60,Matisse Thybulle,PHI,66,1.2,21.3,1.43,1.7,0.7,1.0,77.8,77.8,10.5,9.2,10.5,2.6,72.4,79.0
61,Willy Hernangomez,NOP,50,1.8,20.3,1.23,2.2,0.9,1.4,61.1,61.1,18.0,4.5,18.0,3.4,62.9,39.4
62,Obi Toppin,NYK,72,1.1,13.0,1.42,1.5,0.7,0.8,80.3,80.3,14.5,6.6,14.5,1.3,73.7,77.9
63,Jonathan Kuminga,GSW,71,1.1,12.8,1.35,1.5,0.6,0.9,70.3,70.3,15.0,6.3,15.0,1.3,70.0,64.0
64,Harrison Barnes,SAC,77,1.0,6.7,1.41,1.4,0.5,0.8,70.0,70.0,20.0,6.7,20.0,6.7,69.3,76.9
65,Mikal Bridges,PHX,82,0.9,7.5,1.41,1.3,0.6,0.8,73.5,73.5,4.1,6.8,4.1,2.7,68.9,74.6
66,Herbert Jones,NOP,78,0.9,9.9,1.39,1.3,0.5,0.8,68.3,68.3,20.3,2.7,20.3,4.1,70.3,72.0
67,Bobby Portis,MIL,72,1.2,8.4,1.19,1.4,0.6,1.0,66.7,66.7,8.2,10.6,8.2,0.0,61.2,34.2
68,Kelly Oubre Jr.,CHA,76,0.9,6.4,1.45,1.3,0.6,0.7,75.0,75.0,18.8,7.2,18.8,7.2,71.0,82.4
69,Pascal Siakam,TOR,68,1.1,4.6,1.39,1.5,0.7,0.9,71.9,71.9,9.7,5.6,9.7,4.2,68.1,70.6
70,Desmond Bane,MEM,76,0.9,5.2,1.5,1.3,0.6,0.8,73.3,73.3,10.6,1.5,10.6,3.0,74.2,89.6
71,Chimezie Metu,SAC,61,1.1,11.8,1.51,1.6,0.7,1.0,74.1,74.1,10.8,3.1,10.8,3.1,73.8,90.2
72,Monte Morris,DEN,75,0.9,7.3,1.49,1.3,0.5,0.7,74.5,74.5,13.8,3.1,13.8,1.5,75.4,86.5
73,Jaden McDaniels,MIN,70,1.0,10.8,1.37,1.4,0.6,0.9,68.9,68.9,16.9,4.2,15.5,7.0,69.0,67.4
74,Precious Achiuwa,TOR,73,1.3,12.5,1.04,1.3,0.6,1.0,56.2,56.2,15.1,8.6,15.1,2.2,53.8,12.7
75,Khem Birch,TOR,55,1.4,30.4,1.19,1.7,0.7,1.2,58.8,58.8,11.4,6.3,10.1,3.8,58.2,34.5
76,Russell Westbrook,LAL,78,1.0,4.7,1.18,1.2,0.5,0.8,59.1,59.1,16.3,5.0,16.3,3.8,60.0,31.1
77,JaMychal Green,DEN,67,1.2,18.4,1.18,1.4,0.6,1.0,60.3,60.3,8.9,5.1,8.9,0.0,60.8,31.9
78,Kyle Kuzma,WAS,66,1.0,5.2,1.44,1.4,0.6,0.8,75.0,75.0,9.5,4.8,9.5,3.2,73.0,81.7
79,Al Horford,BOS,69,1.0,10.2,1.32,1.3,0.5,0.8,65.5,65.5,17.4,5.8,15.9,2.9,66.7,58.8
80,Lauri Markkanen,CLE,61,1.1,8.5,1.3,1.5,0.6,0.9,59.6,59.6,20.0,1.4,20.0,2.9,65.7,53.1
81,Joel Embiid,PHI,68,1.0,3.7,1.27,1.3,0.5,0.8,60.8,60.8,28.2,5.6,28.2,5.6,66.2,46.6
82,Alperen Sengun,HOU,72,1.0,9.7,1.2,1.3,0.5,0.8,64.9,64.9,20.0,14.7,20.0,10.7,57.3,35.7
83,Naz Reid,MIN,77,0.9,11.1,1.29,1.2,0.5,0.7,61.4,61.4,24.6,5.8,24.6,13.0,62.3,51.3
84,Tobias Harris,PHI,73,1.0,5.7,1.26,1.2,0.5,0.8,65.0,65.0,11.4,11.4,11.4,8.6,58.6,44.0
85,Isaac Okoro,CLE,67,1.0,11.8,1.32,1.3,0.5,0.7,67.3,67.3,22.7,6.1,22.7,3.0,69.7,58.4
86,Deni Avdija,WAS,82,0.8,9.4,1.28,1.1,0.4,0.7,64.8,64.8,19.1,7.4,19.1,5.9,63.2,49.0
87,Jaren Jackson Jr.,MEM,78,0.9,5.2,1.26,1.1,0.5,0.8,62.7,62.7,13.0,5.8,13.0,4.3,62.3,44.9
88,Kristaps Porzingis,DAL,35,1.8,9.8,1.39,2.5,0.9,1.3,68.1,68.1,22.6,6.5,22.6,4.8,69.4,69.9
89,Nemanja Bjelica,GSW,71,0.8,12.4,1.47,1.2,0.5,0.6,78.3,78.3,15.5,8.6,15.5,3.4,74.1,85.0
90,Drew Eubanks,POR,22,3.1,25.5,1.23,3.9,1.8,2.5,72.7,72.7,8.7,13.0,8.7,1.4,62.3,40.4
91,Draymond Green,GSW,46,1.6,16.7,1.16,1.8,0.8,1.3,63.3,63.3,11.0,9.6,11.0,2.7,60.3,28.0
92,Larry Nance Jr.,POR,37,1.7,25.1,1.35,2.3,1.1,1.4,76.5,76.5,9.7,9.7,9.7,1.6,71.0,64.8
93,Omer Yurtseven,MIA,56,1.4,24.1,1.09,1.5,0.7,1.2,59.1,59.1,6.6,7.9,6.6,1.3,56.6,20.2
94,Stephen Curry,GSW,64,1.0,4.2,1.27,1.3,0.5,0.8,65.4,65.4,14.1,9.4,14.1,4.7,62.5,46.1
95,P.J. Washington,CHA,65,0.9,9.4,1.31,1.2,0.5,0.7,66.0,66.0,21.3,6.6,21.3,4.9,65.6,56.0
96,Dorian Finney-Smith,DAL,80,0.8,7.9,1.23,1.0,0.4,0.7,63.0,63.0,17.2,3.1,17.2,4.7,64.1,41.2
97,Hamidou Diallo,DET,58,1.0,9.3,1.28,1.3,0.6,0.9,61.5,61.5,18.3,0.0,18.3,5.0,66.7,50.0
98,Javonte Green,CHI,65,0.9,15.3,1.26,1.2,0.5,0.8,61.1,61.1,11.5,1.6,9.8,1.6,63.9,45.3
99,Andre Drummond,BKN,24,2.3,20.2,1.39,3.1,1.3,1.8,71.4,71.4,27.8,5.6,27.8,11.1,72.2,70.6
100,Keldon Johnson,SAS,75,0.8,4.9,1.27,1.0,0.4,0.7,59.6,59.6,13.6,1.7,13.6,3.4,62.7,47.4
101,Bradley Beal,WAS,40,1.1,4.5,1.64,1.9,0.8,1.0,82.1,82.1,17.8,4.4,17.8,8.9,80.0,97.4
102,Julius Randle,NYK,72,0.7,3.2,1.36,1.0,0.4,0.6,65.9,65.9,20.8,5.7,20.8,9.4,66.0,66.1
103,Otto Porter Jr.,GSW,63,0.9,11.4,1.29,1.1,0.5,0.7,65.9,65.9,16.4,7.3,16.4,3.6,65.5,51.8
104,DeAndre' Bembry,BKN,48,1.0,17.6,1.52,1.5,0.7,0.9,76.7,76.7,6.5,2.2,6.5,2.2,76.1,91.2
105,Josh Giddey,OKC,54,0.9,5.8,1.37,1.3,0.5,0.7,76.3,76.3,17.6,9.8,19.6,3.9,66.7,68.1
106,Darius Bazley,OKC,69,0.9,7.3,1.19,1.0,0.4,0.7,59.6,59.6,16.9,6.8,16.9,3.4,61.0,33.4
107,James Johnson,BKN,62,1.0,16.2,1.15,1.1,0.5,0.8,62.7,62.7,11.5,8.2,11.5,3.3,57.4,25.6
108,Cody Martin,CHA,71,0.7,9.6,1.35,1.0,0.4,0.5,69.2,69.2,21.6,5.9,19.6,3.9,68.6,64.4
109,Domantas Sabonis,SAC,15,3.5,18.3,1.33,4.6,1.8,2.5,73.0,73.0,23.1,13.5,23.1,7.7,65.4,60.6
110,Jrue Holiday,MIL,67,0.8,4.4,1.3,1.0,0.5,0.7,64.0,64.0,9.4,0.0,9.4,3.8,66.0,53.9
111,LaMarcus Aldridge,BKN,47,1.2,10.3,1.23,1.5,0.6,1.0,60.4,60.4,16.1,5.4,16.1,7.1,60.7,40.7
112,Gordon Hayward,CHA,49,1.0,6.4,1.39,1.4,0.6,0.8,68.3,68.3,16.3,6.1,14.3,6.1,67.3,70.2
113,Oshae Brissett,IND,67,1.0,10.1,1.06,1.0,0.4,0.7,57.1,57.1,14.1,9.4,15.6,1.6,54.7,14.3
114,Alex Len,SAC,39,1.7,26.7,1.03,1.7,0.7,1.3,56.9,56.9,13.6,10.6,13.6,1.5,53.0,12.2
115,Terry Taylor,IND,33,1.4,17.4,1.46,2.0,0.9,1.2,75.6,75.6,8.7,4.3,8.7,2.2,73.9,84.2
116,Kenrich Williams,OKC,49,0.9,11.8,1.44,1.3,0.6,0.8,70.7,70.7,13.0,0.0,13.0,2.2,73.9,79.7
117,Damion Lee,GSW,63,0.7,9.9,1.44,1.0,0.4,0.6,75.0,75.0,15.6,6.7,13.3,2.2,73.3,81.7
118,Zach LaVine,CHI,67,0.6,2.6,1.64,1.0,0.4,0.5,83.9,83.9,17.9,5.1,15.4,2.6,82.1,97.2
119,Devin Booker,PHX,68,0.6,2.5,1.49,0.9,0.4,0.5,73.0,73.0,16.3,2.3,11.6,4.7,74.4,86.3
120,Grant Williams,BOS,77,0.7,9.5,1.25,0.8,0.3,0.5,56.4,56.4,23.5,5.9,23.5,5.9,60.8,43.8
121,Josh Green,DAL,67,0.7,14.0,1.4,0.9,0.4,0.6,71.8,71.8,11.1,6.7,8.9,4.4,68.9,73.6
122,Goga Bitadze,IND,50,1.1,16.0,1.17,1.3,0.5,0.9,55.6,55.6,18.5,3.7,20.4,7.4,57.4,28.5
123,Montrezl Harrell,CHA,25,1.7,18.1,1.48,2.5,1.0,1.4,73.5,73.5,28.6,4.8,28.6,14.3,71.4,86.0
124,Tyler Herro,MIA,66,0.7,3.2,1.39,0.9,0.4,0.6,70.7,70.7,4.5,2.3,4.5,0.0,70.5,69.7
125,Drew Eubanks,SAS,50,1.0,19.9,1.27,1.2,0.5,0.7,67.6,67.6,20.8,12.5,20.8,4.2,64.6,47.2
126,Isaiah Jackson,IND,36,1.4,17.1,1.25,1.7,0.6,1.0,62.2,62.2,22.4,4.1,22.4,2.0,63.3,42.2
127,Lamar Stevens,CLE,63,0.8,13.3,1.17,1.0,0.4,0.7,59.5,59.5,15.4,7.7,15.4,3.8,59.6,30.3
128,Taj Gibson,NYK,52,0.9,21.4,1.28,1.2,0.5,0.7,67.6,67.6,17.0,6.4,12.8,2.1,68.1,48.7
129,Will Barton,DEN,71,0.6,3.7,1.48,0.8,0.4,0.5,79.4,79.4,7.5,7.5,7.5,0.0,75.0,85.8
130,Derrick Jones Jr.,CHI,51,0.9,17.6,1.31,1.2,0.5,0.7,70.3,70.3,15.6,8.9,15.6,6.7,66.7,55.7
131,Andre Drummond,PHI,49,1.3,17.6,0.95,1.2,0.5,1.0,55.3,55.3,12.9,14.5,11.3,3.2,50.0,6.7
132,Kevin Durant,BKN,55,0.8,3.1,1.26,1.1,0.4,0.7,63.2,63.2,15.2,6.5,15.2,4.3,63.0,44.9
133,Corey Kispert,WAS,77,0.5,6.3,1.54,0.7,0.4,0.4,81.8,81.8,8.1,5.4,8.1,2.7,78.4,92.7
134,Kentavious Caldwell-Pope,WAS,77,0.5,4.2,1.39,0.7,0.3,0.4,66.7,66.7,22.0,4.9,17.1,0.0,70.7,71.2
135,Malik Monk,LAL,76,0.6,4.2,1.36,0.8,0.3,0.5,68.6,68.6,14.3,7.1,14.3,4.8,66.7,65.5
136,Tony Bradley,CHI,52,0.8,26.8,1.34,1.1,0.5,0.7,67.6,67.6,9.8,4.9,9.8,4.9,65.9,62.3
137,Bismack Biyombo,PHX,36,1.3,23.6,1.19,1.6,0.7,1.1,68.4,68.4,16.7,10.4,16.7,6.3,60.4,33.8
138,Pat Connaughton,MIL,65,0.6,7.2,1.4,0.9,0.4,0.5,68.6,68.6,12.5,0.0,10.0,0.0,72.5,73.6
139,Rui Hachimura,WAS,42,1.0,9.5,1.33,1.3,0.5,0.8,64.7,64.7,19.0,4.8,19.0,4.8,66.7,62.2
140,Thanasis Antetokounmpo,MIL,35,1.0,35.0,1.02,1.2,0.5,0.9,57.6,57.6,12.2,9.8,12.2,2.4,53.7,15.7
141,Torrey Craig,IND,51,0.8,12.8,1.3,1.1,0.5,0.7,66.7,66.7,14.0,7.0,14.0,4.7,65.1,54.1
142,Trendon Watford,POR,48,1.1,14.7,1.08,1.2,0.5,0.9,52.3,52.3,15.4,3.8,15.4,3.8,55.8,17.8
143,Juan Toscano-Anderson,GSW,73,0.8,16.4,1.02,0.8,0.3,0.6,58.1,58.1,14.5,10.9,10.9,3.6,52.7,11.7
144,O.G. Anunoby,TOR,48,0.7,4.2,1.57,1.1,0.5,0.6,77.4,77.4,11.4,0.0,8.6,0.0,80.0,95.0
145,Terry Rozier,CHA,73,0.5,2.6,1.57,0.8,0.3,0.4,76.9,76.9,25.7,5.7,25.7,5.7,77.1,95.0
146,Myles Turner,IND,42,0.9,8.0,1.41,1.3,0.5,0.7,75.0,75.0,25.6,7.7,25.6,5.1,69.2,76.2
147,Derrick Favors,OKC,39,1.1,21.7,1.25,1.4,0.6,1.0,60.5,60.5,13.6,2.3,13.6,2.3,63.6,43.1
148,Marvin Bagley III,DET,18,2.0,14.8,1.5,3.0,1.4,1.8,75.8,75.8,13.9,2.8,13.9,8.3,72.2,89.6
149,DeMar DeRozan,CHI,76,0.5,1.8,1.5,0.7,0.3,0.3,76.9,76.9,25.0,5.6,25.0,2.8,77.8,89.6
150,Josh Christopher,HOU,74,0.5,5.7,1.42,0.7,0.3,0.4,71.0,71.0,23.7,5.3,23.7,10.5,71.1,77.9
151,Max Strus,MIA,68,0.6,6.4,1.32,0.8,0.3,0.5,69.7,69.7,14.6,7.3,9.8,2.4,68.3,58.0
152,Kyle Anderson,MEM,69,0.7,7.9,1.17,0.8,0.4,0.6,68.4,68.4,10.9,13.0,8.7,6.5,58.7,30.6
153,Anthony Edwards,MIN,72,0.6,3.0,1.17,0.8,0.3,0.5,60.5,60.5,13.0,6.5,13.0,2.2,60.9,30.6
154,Tristan Thompson,SAC,30,1.5,22.2,1.15,1.8,0.7,1.3,56.4,56.4,17.4,2.2,17.4,4.3,60.9,26.7
155,Ja Morant,MEM,57,0.6,2.1,1.58,0.9,0.4,0.5,81.5,81.5,15.2,3.0,15.2,0.0,81.8,95.3
156,Aaron Wiggins,OKC,50,0.8,9.4,1.3,1.0,0.4,0.6,67.7,67.7,20.0,7.5,17.5,5.0,67.5,53.1
157,Robin Lopez,ORL,37,1.1,15.0,1.3,1.4,0.6,1.0,62.2,62.2,15.0,0.0,15.0,7.5,62.5,53.1
158,Isaiah Roby,OKC,45,1.1,11.4,1.08,1.2,0.4,0.8,52.8,52.8,18.8,6.3,16.7,0.0,56.3,18.8
159,DeAndre Jordan,LAL,32,1.2,30.9,1.34,1.6,0.7,1.0,74.2,74.2,13.2,7.9,13.2,2.6,68.4,63.0
160,Jeremiah Robinson-Earl,OKC,49,1.0,12.3,1.06,1.0,0.4,0.8,48.6,48.6,20.8,4.2,20.8,2.1,56.3,14.3
161,Jalen Smith,IND,22,1.4,11.8,1.67,2.3,1.0,1.3,82.1,82.1,10.0,0.0,6.7,3.3,83.3,98.2
162,Kevin Love,CLE,74,0.5,4.0,1.32,0.7,0.3,0.4,63.3,63.3,23.7,5.3,23.7,7.9,65.8,57.3
163,Nicolas Batum,LAC,59,0.6,8.6,1.32,0.8,0.4,0.6,64.7,64.7,10.5,0.0,10.5,0.0,68.4,57.3
164,De'Andre Hunter,ATL,53,0.6,4.7,1.44,0.9,0.4,0.5,72.4,72.4,14.7,2.9,14.7,2.9,73.5,80.8
165,Gary Harris,ORL,61,0.6,5.7,1.32,0.8,0.3,0.5,71.4,71.4,16.2,10.8,16.2,2.7,67.6,60.4
166,Danilo Gallinari,ATL,66,0.5,4.7,1.46,0.7,0.3,0.4,69.2,69.2,24.2,0.0,24.2,3.0,72.7,83.9
167,Saddiq Bey,DET,82,0.4,2.5,1.46,0.6,0.2,0.3,67.9,67.9,18.2,3.0,15.2,6.1,69.7,83.9
168,Daniel Theis,BOS,21,1.6,24.3,1.41,2.3,0.9,1.3,66.7,66.7,26.5,0.0,26.5,5.9,73.5,76.4
169,Doug McDermott,SAS,51,0.8,8.0,1.14,0.9,0.5,0.8,61.5,61.5,0.0,7.1,0.0,0.0,57.1,24.2
170,Chris Duarte,IND,55,0.8,5.5,1.14,0.9,0.4,0.6,60.6,60.6,11.9,14.3,11.9,4.8,54.8,24.2
171,Stanley Johnson,LAL,48,0.9,13.2,1.14,1.0,0.5,0.8,59.5,59.5,4.8,7.1,4.8,0.0,57.1,24.2
172,Devin Vassell,SAS,71,0.6,5.2,1.07,0.7,0.3,0.5,55.6,55.6,13.3,8.9,13.3,2.2,55.6,15.6
173,Bojan Bogdanovic,UTA,69,0.5,3.1,1.31,0.7,0.3,0.4,63.3,63.3,16.7,5.6,16.7,5.6,63.9,54.7
174,Chuma Okeke,ORL,70,0.5,5.1,1.35,0.7,0.3,0.4,72.4,72.4,5.9,8.8,5.9,0.0,67.6,64.4
175,Avery Bradley,LAL,62,0.7,10.4,1.12,0.7,0.3,0.5,63.6,63.6,4.9,14.6,4.9,0.0,56.1,22.8
176,RJ Barrett,NYK,70,0.6,2.8,1.07,0.7,0.2,0.5,48.5,48.5,23.3,7.0,23.3,7.0,53.5,16.3
177,Maxi Kleber,DAL,59,0.5,7.4,1.41,0.8,0.3,0.5,74.1,74.1,18.8,0.0,15.6,3.1,71.9,74.9
178,Day'Ron Sharpe,BKN,32,1.1,18.2,1.25,1.4,0.7,0.9,70.0,70.0,8.3,11.1,8.3,2.8,63.9,43.1
179,Marvin Bagley III,SAC,30,1.4,14.4,1.1,1.5,0.7,1.3,53.8,53.8,4.9,0.0,4.9,0.0,56.1,21.0
180,Caleb Martin,MIA,60,0.8,9.9,0.9,0.8,0.4,0.8,44.7,44.7,6.0,4.0,6.0,4.0,44.0,5.2
181,Duncan Robinson,MIA,79,0.5,5.0,1.1,0.6,0.3,0.4,62.9,62.9,0.0,12.5,0.0,0.0,55.0,21.4
182,Dejounte Murray,SAS,68,0.6,2.8,1.05,0.6,0.3,0.5,52.8,52.8,11.9,7.1,11.9,4.8,52.4,13.2
183,Frank Jackson,DET,53,0.5,4.3,1.79,0.8,0.3,0.4,89.5,89.5,29.2,4.2,29.2,12.5,87.5,100.0
184,Trey Lyles,SAC,24,1.1,12.1,1.59,1.8,0.5,0.8,68.4,68.4,40.7,0.0,40.7,11.1,77.8,96.4
185,Ayo Dosunmu,CHI,77,0.4,4.7,1.34,0.6,0.2,0.3,69.2,69.2,12.5,6.3,12.5,0.0,68.8,63.5
186,Ziaire Williams,MEM,62,0.6,7.2,1.23,0.7,0.3,0.5,69.0,69.0,8.6,11.4,8.6,2.9,62.9,39.9
187,Greg Brown III,POR,48,0.8,15.7,1.07,0.9,0.4,0.7,59.4,59.4,12.5,10.0,12.5,2.5,52.5,17.1
188,Furkan Korkmaz,PHI,67,0.4,4.5,1.68,0.6,0.3,0.3,81.8,81.8,12.0,0.0,12.0,0.0,84.0,98.4
189,Luguentz Dort,OKC,51,0.6,3.2,1.45,0.8,0.3,0.4,72.7,72.7,20.7,10.3,17.2,6.9,69.0,82.1
190,Wenyen Gabriel,LAL,19,1.7,25.2,1.31,2.2,0.9,1.4,66.7,66.7,25.0,3.1,25.0,12.5,65.6,56.4
191,Aleksej Pokusevski,OKC,61,0.5,5.6,1.31,0.7,0.3,0.5,63.3,63.3,6.3,0.0,3.1,0.0,65.6,56.4
192,D'Angelo Russell,MIN,65,0.5,2.8,1.2,0.6,0.3,0.5,66.7,66.7,2.9,11.4,2.9,0.0,60.0,35.7
193,Cameron Johnson,PHX,66,0.4,3.6,1.64,0.6,0.3,0.3,81.8,81.8,12.0,4.0,12.0,4.0,80.0,96.9
194,Thomas Bryant,WAS,27,1.0,14.1,1.58,1.5,0.5,0.7,77.8,77.8,26.9,3.8,26.9,0.0,80.8,95.6
195,Olivier Sarr,OKC,22,1.3,20.6,1.46,1.9,0.9,1.1,79.2,79.2,7.1,7.1,7.1,0.0,75.0,84.7
196,Justise Winslow,LAC,37,0.8,15.7,1.32,1.1,0.5,0.7,70.4,70.4,6.5,6.5,6.5,0.0,67.7,60.0
197,Brandon Ingram,NOP,55,0.6,2.4,1.32,0.7,0.3,0.5,64.3,64.3,12.9,3.2,12.9,6.5,64.5,60.0
198,Jock Landale,SAS,54,0.6,13.9,1.17,0.8,0.3,0.5,57.1,57.1,14.3,5.7,14.3,0.0,60.0,29.8
199,Blake Griffin,BKN,56,0.7,10.6,1.02,0.7,0.3,0.5,53.3,53.3,22.5,5.0,22.5,2.5,55.0,11.9
200,Justin Holiday,IND,49,0.7,6.1,1.25,0.8,0.4,0.6,67.9,67.9,9.4,9.4,9.4,6.3,62.5,43.1
201,John Konchar,MEM,72,0.5,10.9,1.18,0.6,0.2,0.4,65.4,65.4,20.6,5.9,20.6,2.9,67.6,31.3
202,Klay Thompson,GSW,32,1.1,5.5,1.14,1.3,0.6,1.0,59.4,59.4,2.9,5.7,2.9,0.0,57.1,24.2
203,Bones Hyland,DEN,69,0.3,3.3,1.7,0.6,0.2,0.2,92.9,92.9,39.1,8.7,39.1,8.7,87.0,98.7
204,Tristan Thompson,CHI,23,1.3,24.0,1.26,1.7,0.7,1.1,65.4,65.4,12.9,6.5,12.9,3.2,61.3,44.3
205,Talen Horton-Tucker,LAL,60,0.6,4.9,1.18,0.7,0.3,0.5,53.6,53.6,21.2,0.0,15.2,6.1,60.6,32.6
206,CJ Elleby,POR,58,0.6,8.3,1.18,0.7,0.3,0.4,62.5,62.5,24.2,9.1,24.2,6.1,63.6,32.6
207,Zach Collins,SAS,28,1.4,17.4,0.97,1.4,0.5,1.1,45.2,45.2,20.0,5.0,15.0,2.5,52.5,7.3
208,Jerami Grant,DET,47,0.6,3.0,1.41,0.8,0.3,0.4,61.9,61.9,25.9,0.0,25.9,3.7,70.4,75.1
209,Tre Jones,SAS,69,0.4,6.6,1.36,0.6,0.2,0.3,66.7,66.7,14.3,7.1,14.3,7.1,64.3,65.5
210,Trey Lyles,DET,51,0.7,7.5,1.0,0.7,0.3,0.6,46.7,46.7,23.7,7.9,23.7,10.5,50.0,7.8
211,Alex Caruso,CHI,41,0.6,7.5,1.42,0.9,0.3,0.5,66.7,66.7,23.1,7.7,23.1,11.5,65.4,78.2
212,Daniel Theis,HOU,26,1.0,11.8,1.37,1.4,0.6,0.8,72.7,72.7,18.5,3.7,14.8,3.7,70.4,67.9
213,Kevin Huerter,ATL,74,0.4,3.2,1.32,0.5,0.2,0.4,63.0,63.0,7.1,0.0,7.1,3.6,64.3,59.5
214,Carmelo Anthony,LAL,69,0.4,3.3,1.32,0.5,0.2,0.3,60.0,60.0,32.1,3.6,32.1,7.1,67.9,59.5
215,Troy Brown Jr.,CHI,66,0.5,10.2,1.23,0.6,0.3,0.4,63.0,63.0,10.0,6.7,10.0,6.7,60.0,40.9
216,Reggie Jackson,LAC,75,0.3,1.6,1.5,0.5,0.2,0.3,75.0,75.0,0.0,0.0,0.0,0.0,75.0,89.6
217,Jalen Green,HOU,67,0.4,2.4,1.24,0.5,0.2,0.4,53.8,53.8,17.2,0.0,10.3,6.9,58.6,42.0
218,Jordan Poole,GSW,76,0.5,2.7,0.97,0.5,0.2,0.4,48.5,48.5,8.1,5.4,5.4,2.7,48.6,7.0
219,Anthony Gill,WAS,44,0.6,17.2,1.31,0.8,0.3,0.5,70.0,70.0,19.2,7.7,19.2,3.8,69.2,55.2
220,Mike Muscala,OKC,43,0.7,10.5,1.13,0.8,0.3,0.6,54.2,54.2,16.7,6.7,16.7,3.3,56.7,23.4
221,Marquese Chriss,DAL,34,0.9,18.7,1.1,1.0,0.4,0.8,57.7,57.7,9.7,6.5,9.7,0.0,58.1,20.5
222,Khris Middleton,MIL,66,0.5,2.4,1.1,0.5,0.2,0.4,66.7,66.7,3.2,19.4,3.2,0.0,54.8,20.5
223,Xavier Tillman,MEM,53,0.8,14.9,0.81,0.6,0.3,0.7,40.0,40.0,7.1,9.5,7.1,0.0,40.5,2.8
224,Marcus Smart,BOS,71,0.3,2.4,1.44,0.5,0.2,0.3,71.4,71.4,13.0,4.3,13.0,8.7,69.6,79.7
225,Josh Jackson,DET,39,0.6,7.7,1.38,0.8,0.4,0.5,71.4,71.4,16.7,0.0,16.7,4.2,70.8,68.4
226,Maurice Harkless,SAC,47,0.5,11.1,1.32,0.7,0.3,0.4,84.2,84.2,4.0,20.0,4.0,0.0,68.0,59.1
227,Brook Lopez,MIL,13,2.1,17.6,1.22,2.5,1.0,1.6,61.9,61.9,14.8,7.4,14.8,0.0,63.0,39.0
228,Jalen McDaniels,CHA,55,0.6,9.6,1.06,0.6,0.3,0.5,57.7,57.7,9.7,6.5,9.7,0.0,54.8,15.3
229,Kessler Edwards,BKN,49,0.7,11.4,0.92,0.7,0.3,0.7,45.5,45.5,8.3,5.6,8.3,5.6,44.4,5.7
230,Kristaps Porzingis,WAS,17,1.4,6.8,1.39,1.9,0.8,1.1,72.2,72.2,17.4,4.3,17.4,0.0,73.9,71.8
231,Killian Hayes,DET,66,0.4,4.2,1.28,0.5,0.2,0.3,61.9,61.9,16.0,0.0,16.0,0.0,68.0,49.4
232,Raul Neto,WAS,70,0.4,4.9,1.14,0.5,0.2,0.3,66.7,66.7,10.7,14.3,10.7,0.0,60.7,24.2
233,Nerlens Noel,NYK,25,1.2,31.5,1.1,1.3,0.5,0.9,56.5,56.5,17.2,13.8,13.8,10.3,51.7,22.3
234,Jalen Smith,PHX,29,0.7,11.0,1.55,1.1,0.5,0.7,73.7,73.7,10.0,0.0,10.0,5.0,75.0,93.8
235,Cody Zeller,POR,27,0.8,16.8,1.41,1.1,0.4,0.6,73.3,73.3,22.7,9.1,22.7,0.0,72.7,75.6
236,Santi Aldama,MEM,32,0.7,13.9,1.41,1.0,0.4,0.6,70.0,70.0,13.6,0.0,13.6,4.5,72.7,75.6
237,David Nwaba,HOU,46,0.5,10.4,1.29,0.7,0.3,0.5,61.9,61.9,12.5,4.2,12.5,4.2,62.5,52.2
238,DeAndre Jordan,PHI,16,1.5,31.2,1.29,1.9,0.8,1.1,66.7,66.7,16.7,8.3,16.7,0.0,66.7,52.2
239,Caris LeVert,IND,39,0.7,3.4,1.19,0.8,0.4,0.6,63.6,63.6,7.7,7.7,7.7,0.0,61.5,34.7
240,Robert Covington,LAC,23,0.8,10.0,1.58,1.3,0.6,0.7,82.4,82.4,5.3,5.3,5.3,0.0,78.9,95.9
241,De'Anthony Melton,MEM,73,0.4,3.0,1.15,0.4,0.2,0.3,65.0,65.0,11.5,15.4,11.5,3.8,57.7,27.1
242,Luke Kennard,LAC,70,0.4,4.2,1.0,0.4,0.2,0.4,56.0,56.0,3.3,13.3,3.3,0.0,50.0,7.8
243,Eric Paschall,UTA,58,0.3,6.8,1.45,0.5,0.2,0.3,76.5,76.5,15.0,0.0,15.0,0.0,75.0,82.9
244,Austin Reaves,LAL,61,0.3,5.2,1.38,0.5,0.2,0.3,68.8,68.8,23.8,9.5,23.8,9.5,66.7,68.7
245,Jordan McLaughlin,MIN,62,0.4,8.5,1.32,0.5,0.2,0.3,68.4,68.4,13.6,4.5,9.1,4.5,68.2,58.4
246,Zeke Nnaji,DEN,41,0.7,11.2,1.07,0.7,0.3,0.5,54.5,54.5,14.8,3.7,14.8,0.0,55.6,16.8
247,De'Aaron Fox,SAC,59,0.3,1.1,1.75,0.5,0.2,0.2,85.7,85.7,18.8,6.3,18.8,12.5,81.3,99.5
248,Ben McLemore,POR,64,0.3,2.9,1.56,0.4,0.2,0.2,76.9,76.9,27.8,5.6,27.8,5.6,77.8,94.0
249,Jalen Suggs,ORL,48,0.4,2.5,1.47,0.6,0.3,0.3,81.3,81.3,10.5,5.3,10.5,0.0,78.9,85.5
250,Jericho Sims,NYK,41,0.5,25.3,1.27,0.7,0.3,0.4,77.8,77.8,4.5,13.6,4.5,0.0,63.6,47.8
251,Lonnie Walker IV,SAS,70,0.3,2.5,1.22,0.4,0.2,0.3,65.0,65.0,4.3,8.7,4.3,0.0,60.9,38.6
252,Naji Marshall,NOP,55,0.5,7.3,1.08,0.5,0.2,0.4,52.2,52.2,7.7,3.8,7.7,0.0,53.8,17.8
253,Grayson Allen,MIL,66,0.3,2.6,1.59,0.4,0.2,0.2,75.0,75.0,11.8,0.0,11.8,5.9,76.5,96.1
254,Udoka Azubuike,UTA,17,1.1,27.7,1.5,1.6,0.8,1.0,76.5,76.5,11.1,0.0,11.1,5.6,77.8,89.6
255,Sandro Mamukelashvili,MIL,29,0.6,17.5,0.94,0.6,0.2,0.5,50.0,50.0,11.8,11.8,11.8,5.9,47.1,8.9
256,Garrison Mathews,HOU,65,0.3,3.4,1.42,0.4,0.2,0.2,73.3,73.3,15.8,5.3,15.8,0.0,73.7,77.9
257,Darius Garland,CLE,68,0.3,1.4,1.29,0.4,0.2,0.2,68.8,68.8,14.3,14.3,14.3,4.8,61.9,50.7
258,Luka Doncic,DAL,65,0.3,1.2,1.23,0.4,0.2,0.3,66.7,66.7,13.6,4.5,13.6,0.0,63.6,39.6
259,Torrey Craig,PHX,27,0.7,9.2,1.44,1.0,0.5,0.6,86.7,86.7,0.0,16.7,0.0,0.0,72.2,81.7
260,LaMelo Ball,CHA,75,0.3,1.3,1.24,0.3,0.1,0.2,57.1,57.1,28.6,14.3,28.6,9.5,57.1,41.6
261,Romeo Langford,BOS,44,0.5,9.8,1.24,0.6,0.3,0.4,61.1,61.1,19.0,0.0,19.0,4.8,61.9,41.6
262,Gabe Vincent,MIA,68,0.3,3.5,1.18,0.4,0.2,0.3,65.0,65.0,0.0,9.1,0.0,0.0,59.1,32.6
263,Dean Wade,CLE,51,0.5,9.9,1.08,0.5,0.2,0.4,55.0,55.0,16.7,4.2,16.7,4.2,54.2,18.8
264,Serge Ibaka,LAC,35,0.7,10.9,1.0,0.7,0.3,0.5,52.9,52.9,23.1,11.5,23.1,0.0,53.8,7.8
265,Brandon Boston Jr.,LAC,51,0.3,3.6,1.79,0.5,0.2,0.2,83.3,83.3,21.4,0.0,21.4,7.1,85.7,99.7
266,Timothe Luwawu-Cabarrot,ATL,52,0.4,8.5,1.32,0.5,0.2,0.3,66.7,66.7,15.8,10.5,15.8,5.3,63.2,57.3
267,Moses Brown,CLE,14,1.4,23.8,1.32,1.8,0.7,1.0,71.4,71.4,31.6,0.0,31.6,5.3,78.9,57.3
268,Cole Anthony,ORL,66,0.3,1.6,1.32,0.4,0.2,0.3,61.1,61.1,15.8,0.0,15.8,10.5,63.2,57.3
269,Kelly Olynyk,DET,40,0.6,6.2,1.04,0.6,0.3,0.5,60.0,60.0,4.2,16.7,4.2,4.2,50.0,12.4
270,Cade Cunningham,DET,64,0.4,2.0,0.93,0.4,0.2,0.4,45.8,45.8,7.4,7.4,7.4,3.7,44.4,6.2
271,Tyler Cook,CHI,20,1.0,31.1,1.26,1.2,0.4,0.6,58.3,58.3,36.8,0.0,36.8,0.0,68.4,45.7
272,Jose Alvarado,NOP,54,0.4,5.3,1.26,0.4,0.2,0.3,64.3,64.3,21.1,15.8,21.1,10.5,57.9,45.7
273,Norman Powell,POR,40,0.5,2.9,1.2,0.6,0.3,0.4,62.5,62.5,15.0,10.0,15.0,5.0,60.0,35.7
274,Malik Beasley,MIN,79,0.3,2.2,1.2,0.3,0.1,0.2,57.9,57.9,5.0,0.0,5.0,0.0,60.0,35.7
275,Royce O'Neale,UTA,77,0.3,4.0,1.09,0.3,0.2,0.3,57.1,57.1,0.0,4.5,0.0,0.0,54.5,19.7
276,Reggie Bullock,DAL,68,0.4,4.4,1.0,0.4,0.2,0.3,50.0,50.0,8.3,4.2,8.3,4.2,50.0,7.8
277,Derrick White,SAS,49,0.3,2.1,1.53,0.5,0.2,0.3,76.9,76.9,13.3,6.7,13.3,6.7,73.3,92.2
278,Justise Winslow,POR,11,1.7,13.8,1.21,2.1,1.0,1.6,61.1,61.1,5.3,5.3,5.3,5.3,57.9,37.8
279,Trey Murphy III,NOP,62,0.3,6.4,1.15,0.4,0.1,0.2,46.2,46.2,35.0,5.0,35.0,5.0,60.0,26.4
280,Kyle Lowry,MIA,63,0.3,2.5,1.04,0.4,0.2,0.2,83.3,83.3,9.1,36.4,9.1,0.0,54.5,13.0
281,Tim Hardaway Jr.,DAL,42,0.3,2.3,1.57,0.5,0.2,0.2,80.0,80.0,21.4,7.1,21.4,0.0,78.6,95.0
282,Josh Hart,NOP,41,0.4,2.8,1.47,0.5,0.3,0.3,84.6,84.6,0.0,13.3,0.0,0.0,73.3,85.2
283,Cory Joseph,DET,65,0.3,3.4,1.22,0.3,0.1,0.2,56.3,56.3,11.1,0.0,11.1,0.0,61.1,39.0
284,JT Thor,CHA,23,0.4,15.4,1.5,0.7,0.3,0.4,70.0,70.0,20.0,0.0,20.0,20.0,70.0,89.4
285,Saben Lee,DET,37,0.5,8.1,1.1,0.6,0.2,0.4,42.9,42.9,30.0,0.0,30.0,0.0,60.0,21.4
286,Kevin Porter Jr.,HOU,61,0.3,1.9,1.05,0.4,0.2,0.3,52.6,52.6,4.8,4.8,4.8,0.0,52.4,13.2
287,Dennis Smith Jr.,POR,37,0.4,5.7,1.4,0.6,0.2,0.3,66.7,66.7,26.7,0.0,33.3,13.3,66.7,73.6
288,Nickeil Alexander-Walker,NOP,50,0.4,2.6,1.05,0.4,0.2,0.3,62.5,62.5,5.0,20.0,5.0,5.0,50.0,13.7
289,Robert Covington,POR,48,0.4,5.1,1.0,0.4,0.2,0.4,58.8,58.8,9.5,14.3,9.5,4.8,47.6,7.8
290,Josh Richardson,SAS,21,0.6,5.2,1.67,1.0,0.4,0.5,81.8,81.8,8.3,0.0,8.3,0.0,83.3,98.2
291,Georges Niang,PHI,76,0.2,2.0,1.54,0.3,0.1,0.2,76.9,76.9,0.0,0.0,0.0,0.0,76.9,92.5
292,George Hill,MIL,54,0.3,4.1,1.43,0.4,0.2,0.2,83.3,83.3,0.0,14.3,0.0,0.0,71.4,78.8
293,Cam Reddish,ATL,34,0.5,4.2,1.11,0.6,0.3,0.5,56.3,56.3,5.6,5.6,5.6,0.0,55.6,22.5
294,Damian Lillard,POR,29,0.7,2.7,1.05,0.7,0.3,0.6,50.0,50.0,5.3,0.0,5.3,0.0,52.6,14.0
295,Luka Garza,DET,32,0.8,13.7,0.77,0.6,0.2,0.6,38.9,38.9,26.9,7.7,23.1,3.8,42.3,1.8
296,Nassir Little,POR,42,0.4,4.1,1.19,0.5,0.2,0.3,66.7,66.7,12.5,12.5,12.5,0.0,62.5,33.8
297,Terrence Ross,ORL,63,0.2,1.8,1.5,0.3,0.1,0.2,81.8,81.8,0.0,8.3,0.0,0.0,75.0,89.6
298,Trae Young,ATL,76,0.2,0.6,1.39,0.2,0.1,0.1,80.0,80.0,7.7,15.4,7.7,0.0,69.2,69.2
299,Rudy Gay,UTA,55,0.3,3.0,1.29,0.3,0.1,0.2,58.3,58.3,21.4,0.0,21.4,7.1,64.3,50.7
300,Vit Krejci,OKC,30,0.5,6.8,1.29,0.6,0.3,0.4,66.7,66.7,14.3,0.0,14.3,0.0,71.4,50.7
301,Dillon Brooks,MEM,33,0.5,2.4,1.2,0.5,0.3,0.5,60.0,60.0,0.0,0.0,0.0,0.0,60.0,35.7
302,Garrett Temple,NOP,59,0.3,4.2,1.2,0.3,0.1,0.2,58.3,58.3,20.0,0.0,13.3,0.0,66.7,35.7
303,T.J. McConnell,IND,27,0.6,6.5,1.13,0.7,0.3,0.6,60.0,60.0,0.0,6.3,0.0,0.0,56.3,23.1
304,Andre Iguodala,GSW,31,0.6,11.4,1.0,0.6,0.3,0.4,61.5,61.5,11.1,16.7,11.1,0.0,50.0,7.8
305,Enes Freedom,BOS,35,0.5,13.8,1.0,0.5,0.2,0.4,50.0,50.0,11.1,11.1,11.1,0.0,50.0,7.8
306,Dalano Banton,TOR,64,0.3,7.6,0.86,0.3,0.1,0.3,40.0,40.0,9.5,0.0,9.5,4.8,42.9,4.1
307,Jae Crowder,PHX,67,0.3,3.5,0.82,0.3,0.1,0.3,38.9,38.9,9.1,9.1,9.1,0.0,40.9,3.1
308,Admiral Schofield,ORL,38,0.3,7.2,1.54,0.4,0.2,0.3,72.7,72.7,18.2,0.0,18.2,18.2,72.7,93.2
309,Anfernee Simons,POR,57,0.2,1.2,1.54,0.3,0.1,0.2,77.8,77.8,18.2,9.1,18.2,9.1,72.7,93.2
310,Joshua Primo,SAS,50,0.3,3.7,1.31,0.3,0.1,0.2,62.5,62.5,30.8,7.7,30.8,0.0,69.2,55.2
311,Josh Richardson,BOS,44,0.3,3.2,1.31,0.4,0.2,0.2,70.0,70.0,15.4,7.7,15.4,0.0,69.2,55.2
312,Facundo Campazzo,DEN,65,0.2,3.8,1.13,0.3,0.1,0.2,57.1,57.1,6.7,6.7,6.7,6.7,53.3,23.4
313,KZ Okpala,MIA,21,0.8,20.5,1.06,0.8,0.4,0.7,57.1,57.1,6.3,6.3,6.3,0.0,56.3,14.3
314,Justin Holiday,SAC,25,0.8,8.5,0.85,0.7,0.2,0.5,38.5,38.5,30.0,10.0,25.0,5.0,40.0,3.9
315,Rodney McGruder,DET,51,0.5,9.2,0.71,0.3,0.2,0.4,38.1,38.1,4.2,8.3,4.2,0.0,37.5,1.0
316,Delon Wright,ATL,77,0.1,3.2,1.46,0.2,0.1,0.1,72.7,72.7,0.0,0.0,0.0,0.0,72.7,83.9
317,Jordan Nwora,MIL,62,0.2,2.2,1.33,0.3,0.1,0.1,77.8,77.8,8.3,16.7,8.3,0.0,66.7,62.2
318,Theo Maledon,OKC,51,0.2,2.8,1.33,0.3,0.1,0.2,66.7,66.7,25.0,8.3,25.0,8.3,66.7,62.2
319,Buddy Hield,SAC,55,0.2,1.5,1.33,0.3,0.1,0.2,60.0,60.0,25.0,8.3,25.0,16.7,58.3,62.2
320,Davon Reed,DEN,48,0.3,6.6,1.33,0.3,0.2,0.3,66.7,66.7,0.0,0.0,0.0,0.0,66.7,62.2
321,Kyrie Irving,BKN,29,0.4,1.6,1.33,0.6,0.2,0.3,66.7,66.7,25.0,8.3,25.0,8.3,66.7,62.2
322,DeMarcus Cousins,MIL,17,0.8,8.8,1.23,0.9,0.4,0.7,58.3,58.3,15.4,0.0,15.4,7.7,61.5,40.2
323,Amir Coffey,LAC,69,0.2,2.5,1.14,0.2,0.1,0.2,63.6,63.6,14.3,14.3,14.3,7.1,57.1,24.2
324,Eric Bledsoe,LAC,54,0.3,2.2,1.14,0.3,0.1,0.2,63.6,63.6,14.3,14.3,14.3,7.1,57.1,24.2
325,Serge Ibaka,MIL,19,0.8,12.7,1.07,0.8,0.4,0.8,53.3,53.3,0.0,0.0,0.0,0.0,53.3,15.6
326,Reggie Perry,POR,9,1.7,16.0,1.07,1.8,0.8,1.4,53.8,53.8,13.3,0.0,13.3,0.0,53.3,15.6
327,Donte DiVincenzo,MIL,17,0.9,10.1,1.0,0.9,0.4,0.6,63.6,63.6,6.3,25.0,6.3,0.0,50.0,7.8
328,Eric Gordon,HOU,57,0.2,1.4,1.5,0.3,0.1,0.2,77.8,77.8,10.0,0.0,10.0,0.0,80.0,89.6
329,Tomas Satoransky,NOP,32,0.3,7.1,1.5,0.5,0.2,0.3,70.0,70.0,10.0,0.0,10.0,10.0,70.0,89.6
330,Mamadi Diakite,OKC,13,0.8,18.6,1.36,1.2,0.5,0.8,70.0,70.0,18.2,0.0,18.2,9.1,72.7,66.5
331,Elfrid Payton,PHX,51,0.3,5.5,1.15,0.3,0.1,0.2,63.6,63.6,7.7,7.7,7.7,0.0,61.5,27.1
332,R.J. Hampton,ORL,64,0.2,2.2,1.15,0.2,0.1,0.1,50.0,50.0,30.8,7.7,30.8,0.0,61.5,27.1
333,Danny Green,PHI,62,0.2,3.8,1.07,0.2,0.1,0.2,63.6,63.6,7.1,14.3,0.0,0.0,57.1,16.6
334,CJ McCollum,POR,36,0.4,2.0,1.0,0.4,0.2,0.3,54.5,54.5,13.3,13.3,13.3,0.0,53.3,7.8
335,Gary Trent Jr.,TOR,70,0.2,1.4,0.88,0.2,0.1,0.2,46.7,46.7,5.9,5.9,5.9,0.0,47.1,4.9
336,Jaylen Nowell,MIN,62,0.2,2.1,1.4,0.2,0.1,0.1,77.8,77.8,0.0,10.0,0.0,0.0,70.0,73.6
337,Dennis Schroder,BOS,49,0.2,1.3,1.4,0.3,0.1,0.2,75.0,75.0,10.0,10.0,10.0,0.0,70.0,73.6
338,Moses Moody,GSW,52,0.2,5.2,1.27,0.3,0.1,0.2,75.0,75.0,18.2,9.1,18.2,0.0,72.7,47.8
339,Trevor Ariza,LAL,24,0.5,10.2,1.17,0.6,0.2,0.4,55.6,55.6,25.0,8.3,25.0,8.3,58.3,28.5
340,Davis Bertans,WAS,34,0.4,6.2,1.17,0.4,0.2,0.3,77.8,77.8,0.0,25.0,0.0,0.0,58.3,28.5
341,Wesley Matthews,MIL,49,0.2,4.8,1.17,0.3,0.1,0.2,58.3,58.3,0.0,0.0,0.0,0.0,58.3,28.5
342,Caris LeVert,CLE,19,0.7,4.5,1.08,0.7,0.3,0.6,54.5,54.5,15.4,7.7,15.4,7.7,53.8,17.8
343,Marcus Morris Sr.,LAC,54,0.2,1.6,1.08,0.3,0.1,0.1,75.0,75.0,7.7,30.8,7.7,0.0,53.8,17.8
344,Josh Hart,POR,13,0.8,4.3,1.3,1.0,0.4,0.6,62.5,62.5,30.0,10.0,20.0,20.0,60.0,53.1
345,Ignas Brazdeikis,ORL,42,0.2,4.5,1.3,0.3,0.1,0.2,75.0,75.0,20.0,0.0,20.0,0.0,70.0,53.1
346,Tyrese Maxey,PHI,75,0.2,1.0,1.08,0.2,0.1,0.1,54.5,54.5,8.3,0.0,8.3,0.0,58.3,18.8
347,Svi Mykhailiuk,TOR,56,0.2,4.3,1.08,0.2,0.1,0.2,50.0,50.0,16.7,0.0,16.7,0.0,58.3,18.8
348,Josh Okogie,MIN,49,0.3,8.8,1.0,0.3,0.1,0.2,55.6,55.6,30.8,7.7,30.8,7.7,46.2,7.8
349,Tyus Jones,MEM,73,0.2,2.1,1.0,0.2,0.1,0.2,54.5,54.5,7.7,7.7,7.7,0.0,53.8,7.8
350,Alec Burks,NYK,81,0.2,1.6,0.87,0.2,0.0,0.2,30.8,30.8,26.7,0.0,26.7,13.3,40.0,4.4
351,Donte DiVincenzo,SAC,25,0.7,6.3,0.72,0.5,0.2,0.4,50.0,50.0,11.1,33.3,5.6,0.0,38.9,1.3
352,Paul Millsap,BKN,24,0.4,9.6,1.2,0.5,0.2,0.3,62.5,62.5,10.0,10.0,10.0,0.0,60.0,35.7
353,Kelan Martin,IND,27,0.4,5.9,1.09,0.4,0.2,0.3,55.6,55.6,18.2,0.0,18.2,0.0,63.6,19.7
354,Keon Johnson,POR,22,0.5,4.4,1.0,0.5,0.3,0.5,54.5,54.5,8.3,8.3,8.3,8.3,50.0,7.8
355,Fred VanVleet,TOR,65,0.2,1.0,0.92,0.2,0.1,0.2,54.5,54.5,0.0,15.4,0.0,0.0,46.2,6.0
356,Evan Fournier,NYK,80,0.2,1.7,0.63,0.2,0.1,0.2,37.5,37.5,10.5,5.3,10.5,0.0,31.6,0.8
357,DeMarcus Cousins,DEN,31,0.7,6.7,0.57,0.4,0.1,0.4,30.8,30.8,14.3,23.8,14.3,0.0,33.3,0.3
358,Patrick Williams,CHI,17,0.6,7.4,1.1,0.6,0.3,0.5,55.6,55.6,10.0,0.0,10.0,0.0,60.0,21.4
359,Collin Sexton,CLE,11,0.9,5.1,1.1,1.0,0.4,0.7,50.0,50.0,30.0,0.0,30.0,10.0,60.0,21.4
360,Kent Bazemore,LAL,39,0.3,7.6,0.77,0.3,0.1,0.3,40.0,40.0,15.4,15.4,15.4,7.7,38.5,1.8
361,Semi Ojeleye,MIL,20,0.5,12.3,0.9,0.5,0.2,0.5,40.0,40.0,10.0,0.0,10.0,10.0,40.0,5.2
362,James Bouknight,CHA,30,0.4,7.1,0.75,0.3,0.1,0.3,40.0,40.0,8.3,8.3,8.3,0.0,41.7,1.6
363,Paul George,LAC,31,0.4,1.3,0.82,0.3,0.1,0.3,25.0,25.0,27.3,0.0,27.3,0.0,45.5,3.1
364,Taurean Prince,MIN,69,0.2,3.2,0.6,0.1,0.1,0.2,33.3,33.3,6.7,13.3,6.7,0.0,33.3,0.5
365,Duane Washington Jr.,IND,48,0.2,2.0,0.8,0.2,0.1,0.2,33.3,33.3,10.0,0.0,10.0,0.0,40.0,2.3
366,Patrick Beverley,MIN,59,0.2,1.8,0.8,0.1,0.1,0.2,44.4,44.4,0.0,10.0,0.0,0.0,40.0,2.3
367,Ricky Rubio,CLE,34,0.3,2.0,0.46,0.1,0.0,0.2,16.7,16.7,18.2,36.4,18.2,9.1,18.2,0.0
