,"('Player',)","('Team',)","('Age',)","('Restricted Area', 'FGM')","('Restricted Area', 'FGA')","('Restricted Area', 'FG%')","('In The Paint (Non-RA)', 'FGM')","('In The Paint (Non-RA)', 'FGA')","('In The Paint (Non-RA)', 'FG%')","('Mid-Range', 'FGM')","('Mid-Range', 'FGA')","('Mid-Range', 'FG%')","('Left Corner 3.', 'FGM')","('Left Corner 3.', 'FGA')","('Left Corner 3.', 'FG%')","('Right Corner 3.', 'FGM')","('Right Corner 3.', 'FGA')","('Right Corner 3.', 'FG%')","('Corner 3', 'FGM')","('Corner 3', 'FGA')","('Corner 3', 'FG%')","('Above the Break 3.', 'FGM')","('Above the Break 3.', 'FGA')","('Above the Break 3.', 'FG%')"
0,Aaron Gordon,DEN,26,3.7,4.9,75.5,0.4,1.3,29.6,0.5,1.5,37.6,0.3,0.9,32.8,0.2,0.6,35.6,0.5,1.5,33.9,0.7,1.9,34.0
1,Aaron Henry,PHI,22,0.2,0.2,100,0.0,0.2,0.0,0.0,0.3,0.0,0.0,0.0,0.0,0.0,0.0,0.0,0.0,0.0,0.0,0.0,0.2,0.0
2,Aaron Holiday,PHX,25,0.8,1.3,60.0,0.8,1.7,46.7,0.2,0.8,30.0,0.1,0.3,38.5,0.0,0.1,50.0,0.1,0.3,41.2,0.5,1.4,37.2
3,Aaron Nesmith,BOS,22,0.5,0.7,76.5,0.1,0.3,41.2,0.2,0.3,50.0,0.1,0.6,20.0,0.1,0.4,21.1,0.2,0.9,20.5,0.4,1.4,31.0
4,Aaron Wiggins,OKC,23,1.4,2.2,64.5,0.8,1.7,47.0,0.1,0.1,57.1,0.2,0.6,36.7,0.1,0.5,26.1,0.3,1.1,32.1,0.5,1.7,29.8
5,Abdel Nader,PHX,28,0.6,0.9,61.5,0.0,0.6,0.0,0.0,0.0,0.0,0.1,0.1,100,0.0,0.4,0.0,0.1,0.4,20.0,0.2,0.6,37.5
6,Ade Murkey,SAC,24,0.0,0.0,0.0,0.0,0.0,0.0,0.0,0.0,0.0,-,-,-,-,-,-,-,-,-,-,-,-
7,Admiral Schofield,ORL,25,0.4,0.7,55.6,0.3,0.6,50.0,0.1,0.1,100,0.1,0.4,33.3,0.2,0.6,35.3,0.3,0.9,34.5,0.4,1.3,33.3
8,Ahmad Caver,IND,25,1.0,1.0,100,0.0,0.0,0.0,0.0,0.0,0.0,-,-,-,-,-,-,-,-,-,0.0,0.0,0.0
9,Al Horford,BOS,36,1.3,1.8,72.2,0.9,1.7,53.4,0.3,0.9,38.3,0.2,0.5,32.4,0.3,0.6,45.5,0.4,1.1,39.7,0.8,2.7,31.0
10,Alec Burks,NYK,30,0.6,1.5,42.9,0.6,1.6,35.6,0.4,1.1,34.8,0.3,0.6,43.1,0.2,0.5,38.6,0.5,1.2,41.1,1.4,3.6,39.9
11,Aleem Ford,ORL,24,0.6,0.6,100,0.2,0.4,50.0,0.0,0.0,0.0,0.0,0.6,0.0,0.0,0.0,0.0,0.0,0.6,0.0,0.4,2.4,16.7
12,Aleksej Pokusevski,OKC,20,1.3,2.0,66.4,0.6,1.7,36.6,0.2,0.6,33.3,0.2,0.5,35.7,0.1,0.2,28.6,0.2,0.7,33.3,0.7,2.5,27.7
13,Alex Caruso,CHI,28,1.0,1.9,53.8,0.3,0.8,37.5,0.2,0.5,33.3,0.2,0.7,24.1,0.3,0.5,57.9,0.4,1.2,37.5,0.6,1.8,30.7
14,Alex Len,SAC,29,1.5,2.2,69.4,0.7,1.7,40.9,0.1,0.1,50.0,0.1,0.1,50.0,0.0,0.1,0.0,0.1,0.2,33.3,0.1,0.4,26.7
15,Alfonzo McKinnie,CHI,29,0.6,1.2,52.4,0.1,0.3,50.0,0.1,0.6,22.2,0.2,0.5,33.3,0.2,0.5,40.0,0.3,0.8,36.4,0.3,0.9,31.3
16,Alize Johnson,NOP,26,0.5,1.1,45.8,0.3,0.6,54.5,0.0,0.0,0.0,0.0,0.0,0.0,0.0,0.2,0.0,0.0,0.1,0.0,0.0,0.0,0.0
17,Alperen Sengun,HOU,19,2.4,3.8,61.4,0.6,1.6,40.4,0.1,0.2,23.5,0.0,0.0,0.0,0.0,0.1,25.0,0.0,0.1,20.0,0.4,1.4,26.7
18,Amir Coffey,LAC,25,1.1,1.5,72.0,0.5,1.1,41.7,0.2,0.6,32.5,0.2,0.6,40.0,0.3,0.8,34.8,0.5,1.3,37.0,1.0,2.6,38.4
19,Andre Drummond,BKN,28,2.8,4.6,61.2,0.5,1.1,45.8,0.0,0.1,22.2,0.0,0.0,0.0,0.0,0.0,0.0,0.0,0.0,0.0,0.0,0.0,0.0
20,Andre Iguodala,GSW,38,0.7,1.0,71.0,0.2,0.3,55.6,0.1,0.3,25.0,0.1,0.4,30.8,0.1,0.4,23.1,0.2,0.8,26.9,0.3,1.4,22.7
21,Andrew Wiggins,GSW,27,2.2,3.0,71.6,1.3,3.0,42.0,0.9,2.5,37.2,0.6,1.2,48.3,0.1,0.4,30.8,0.7,1.5,44.2,1.5,3.9,37.5
22,Anfernee Simons,POR,23,1.1,1.9,55.9,0.9,1.9,48.6,1.0,2.4,43.7,0.2,0.4,44.0,0.1,0.3,37.5,0.3,0.7,41.5,2.8,7.0,40.6
23,Anthony Davis,LAL,29,5.9,7.6,77.0,1.3,3.2,40.5,1.8,4.9,36.9,0.0,0.1,0.0,0.1,0.2,66.7,0.1,0.2,44.4,0.2,1.5,14.8
24,Anthony Edwards,MIN,20,3.6,5.7,62.7,0.6,1.8,31.8,0.5,1.5,35.2,0.2,0.5,34.3,0.1,0.3,37.5,0.3,0.8,35.6,2.7,7.5,35.8
25,Anthony Gill,WAS,29,0.6,1.0,63.4,0.5,1.0,55.0,0.0,0.1,0.0,0.1,0.2,60.0,0.2,0.3,62.5,0.2,0.4,61.5,0.1,0.3,46.2
26,Anthony Lamb,HOU,24,0.0,0.0,0.0,0.0,0.0,0.0,0.0,0.0,0.0,0.0,0.0,0.0,-,-,-,0.0,0.0,0.0,0.0,1.0,0.0
27,Armoni Brooks,TOR,24,0.3,0.5,69.2,0.1,0.2,44.4,0.0,0.1,40.0,0.2,0.5,32.0,0.0,0.2,20.0,0.2,0.7,28.6,1.2,3.9,30.0
28,Arnoldas Kulboka,CHA,24,0.0,0.0,0.0,0.0,0.0,0.0,0.0,0.0,0.0,0.0,0.0,0.0,0.0,1.0,0.0,0.0,0.5,0.0,0.0,0.0,0.0
29,Austin Reaves,LAL,24,0.9,1.3,71.8,0.4,0.8,57.8,0.2,0.5,39.3,0.1,0.4,33.3,0.2,0.5,38.5,0.3,0.8,36.0,0.6,1.9,30.7
30,Austin Rivers,DEN,29,0.7,1.1,68.5,0.3,0.6,41.5,0.0,0.1,0.0,0.4,0.9,48.4,0.3,0.7,42.6,0.7,1.6,45.9,0.4,1.8,23.8
31,Avery Bradley,LAL,31,0.5,0.9,55.2,0.2,0.5,38.2,0.4,0.8,44.9,0.4,1.1,41.5,0.3,0.9,35.2,0.7,1.9,38.7,0.6,1.5,38.9
32,Ayo Dosunmu,CHI,22,1.8,2.7,66.8,0.3,0.8,42.4,0.5,1.0,52.5,0.2,0.5,32.4,0.4,0.8,45.9,0.5,1.3,41.1,0.4,1.2,33.7
33,BJ Johnson,ORL,26,0.5,1.3,40.0,0.0,0.5,0.0,1.3,2.0,62.5,0.3,0.3,100,0.0,0.5,0.0,0.3,0.8,33.3,0.8,1.8,42.9
34,Bam Adebayo,MIA,24,4.3,5.8,73.2,2.3,5.0,45.2,0.8,2.1,35.3,0.0,0.0,0.0,0.0,0.0,0.0,0.0,0.0,0.0,0.0,0.1,0.0
35,Ben McLemore,POR,29,0.6,0.9,68.4,0.0,0.2,18.2,0.4,0.9,46.4,0.6,1.2,47.9,0.5,1.0,50.8,1.1,2.2,49.3,1.3,4.3,29.5
36,Bismack Biyombo,PHX,29,1.8,2.4,75.3,0.6,1.5,37.0,0.1,0.2,33.3,0.0,0.0,0.0,0.0,0.0,0.0,0.0,0.0,0.0,0.0,0.0,0.0
37,Blake Griffin,BKN,33,1.4,2.3,59.8,0.3,0.5,51.7,0.1,0.2,33.3,0.1,0.5,24.0,0.1,0.3,28.6,0.2,0.7,25.6,0.5,1.9,26.7
38,Boban Marjanovic,DAL,33,1.0,1.4,71.4,0.8,1.5,51.7,0.3,0.4,66.7,0.0,0.0,0.0,0.0,0.0,0.0,0.0,0.0,0.0,0.0,0.2,25.0
39,Bobby Portis,MIL,27,1.9,3.0,62.0,1.2,2.4,49.1,0.9,2.0,44.5,0.3,0.8,44.4,0.4,1.1,37.2,0.7,1.8,40.2,1.1,2.8,39.6
40,Bogdan Bogdanovic,ATL,29,1.0,1.7,60.4,1.0,2.0,47.7,0.8,1.6,48.5,0.5,0.9,50.9,0.4,0.9,42.6,0.8,1.8,46.8,1.8,5.5,33.6
41,Bojan Bogdanovic,UTA,33,2.0,2.9,66.5,1.3,2.9,44.9,0.2,0.9,28.8,0.4,0.9,40.0,0.8,2.0,41.1,1.1,2.8,40.7,1.5,4.0,37.3
42,Bol Bol,ORL,22,0.6,0.7,87.5,0.4,0.7,55.6,0.2,0.5,33.3,0.0,0.1,0.0,0.0,0.0,0.0,0.0,0.1,0.0,0.1,0.2,33.3
43,Bones Hyland,DEN,21,0.8,1.4,59.6,0.3,0.9,33.3,0.3,0.8,39.3,0.3,0.6,43.2,0.0,0.4,11.5,0.3,0.9,30.2,1.6,4.2,38.2
44,Brad Wanamaker,WAS,32,0.4,1.1,40.0,0.3,0.6,46.2,0.3,1.0,36.4,0.0,0.1,0.0,0.0,0.1,0.0,0.0,0.1,0.0,0.2,0.6,30.8
45,Bradley Beal,WAS,29,3.4,5.0,67.0,1.8,4.9,36.7,2.0,4.1,47.9,0.4,0.8,45.2,0.1,0.6,23.8,0.5,1.3,36.5,1.1,4.0,27.8
46,Brandon Boston Jr.,LAC,20,1.1,1.9,57.3,0.2,0.8,20.0,0.6,1.6,35.9,0.2,0.4,41.2,0.1,0.2,25.0,0.2,0.5,36.0,0.5,1.7,30.1
47,Brandon Clarke,MEM,25,2.9,3.9,75.3,1.4,2.5,54.7,0.1,0.3,52.9,0.0,0.1,20.0,0.0,0.2,20.0,0.0,0.2,20.0,0.0,0.1,28.6
48,Brandon Goodwin,CLE,26,0.9,1.4,59.2,0.4,0.9,38.2,0.1,0.5,18.8,0.0,0.1,25.0,0.0,0.1,25.0,0.1,0.3,25.0,0.5,1.3,37.8
49,Brandon Ingram,NOP,24,2.0,3.1,65.7,1.4,3.3,43.3,3.5,7.4,46.6,0.1,0.3,18.8,0.2,0.3,56.3,0.2,0.6,37.5,1.1,3.5,31.9
50,Brandon Knight,DAL,30,1.2,1.4,85.7,0.0,0.2,0.0,0.0,0.0,0.0,0.0,0.3,0.0,0.0,0.3,0.0,0.0,0.5,0.0,0.8,2.8,28.6
51,Brandon Williams,POR,22,1.8,3.7,47.7,0.8,2.1,35.3,0.6,1.6,39.5,0.2,0.4,55.6,0.2,0.6,38.5,0.4,0.9,45.5,0.8,3.3,25.0
52,Braxton Key,DET,25,2.1,3.0,69.7,0.4,1.0,36.4,0.0,0.6,0.0,0.2,0.5,40.0,0.1,0.4,25.0,0.3,0.9,33.3,0.3,1.1,25.0
53,Brodric Thomas,BOS,25,0.5,0.6,85.7,0.0,0.2,0.0,0.0,0.0,0.0,0.0,0.2,0.0,0.0,0.0,0.0,0.0,0.1,0.0,0.2,0.7,25.0
54,Brook Lopez,MIL,34,2.6,3.4,77.3,0.6,2.0,30.8,0.0,0.6,0.0,0.1,0.2,50.0,0.6,1.2,50.0,0.7,1.4,50.0,0.8,2.7,28.6
55,Bruce Brown,BKN,25,2.2,3.3,66.0,0.8,2.1,38.7,0.1,0.4,17.9,0.1,0.5,27.8,0.2,0.4,59.3,0.4,0.9,41.3,0.2,0.4,40.0
56,Bruno Fernando,HOU,23,0.9,1.4,64.1,0.3,0.4,72.7,0.1,0.1,66.7,0.0,0.1,0.0,0.0,0.0,0.0,0.0,0.0,0.0,0.0,0.0,100
57,Bryn Forbes,DEN,28,0.2,0.4,56.7,0.5,1.2,46.0,0.7,1.7,41.9,0.3,0.5,66.7,0.1,0.3,42.1,0.4,0.7,57.7,1.2,3.2,37.3
58,Buddy Hield,IND,29,1.3,2.2,59.1,0.4,1.2,33.0,0.6,1.4,45.1,0.4,1.0,42.5,0.2,0.5,32.4,0.6,1.4,39.3,2.6,7.4,35.7
59,CJ Elleby,POR,22,1.1,2.0,58.0,0.2,0.8,26.1,0.1,0.4,29.2,0.1,0.5,23.1,0.1,0.3,26.7,0.2,0.7,24.4,0.5,1.5,32.1
60,CJ McCollum,NOP,30,1.7,2.8,61.3,1.9,4.1,47.2,2.1,4.4,47.4,0.3,0.7,39.0,0.2,0.4,38.5,0.4,1.1,38.8,2.5,6.5,39.0
61,CJ Miles,BOS,35,-,-,-,0.0,0.0,0.0,0.0,0.0,0.0,-,-,-,-,-,-,-,-,-,0.0,0.0,0.0
62,Cade Cunningham,DET,20,2.7,4.7,58.1,1.3,3.6,36.2,0.9,2.2,41.3,0.2,0.5,30.3,0.1,0.4,36.0,0.3,0.9,32.8,1.5,4.7,31.4
63,Caleb Martin,MIA,26,2.0,2.9,69.5,0.1,0.7,17.5,0.3,0.7,39.0,0.2,0.6,40.0,0.3,0.7,41.0,0.5,1.2,40.5,0.6,1.4,42.5
64,Cam Reddish,NYK,22,1.1,2.1,55.4,0.5,1.2,40.4,0.4,1.3,30.3,0.3,0.6,57.7,0.2,0.7,33.3,0.5,1.1,44.6,0.8,2.6,32.0
65,Cam Thomas,BKN,20,0.5,1.0,53.0,1.0,1.8,54.2,1.1,2.3,49.7,0.2,0.3,52.6,0.1,0.2,23.1,0.2,0.5,40.6,0.5,2.2,23.9
66,Cameron Johnson,PHX,26,1.1,1.5,75.3,0.5,1.2,41.6,0.1,0.6,19.0,0.4,1.0,41.9,0.7,1.4,48.9,1.0,2.3,46.0,1.5,3.6,40.4
67,Cameron McGriff,POR,24,1.0,2.0,50.0,0.0,0.3,0.0,0.0,0.7,0.0,0.0,0.0,0.0,0.0,0.7,0.0,0.0,0.7,0.0,0.7,1.0,66.7
68,Cameron Oliver,ATL,25,3.0,4.5,66.7,1.0,1.0,100.0,0.5,0.5,100,0.0,0.5,0.0,0.0,0.0,0.0,0.0,0.5,0.0,0.5,1.0,50.0
69,Cameron Payne,PHX,27,1.2,2.3,52.3,1.2,3.0,41.4,0.5,1.2,40.0,0.0,0.2,22.2,0.1,0.2,25.0,0.1,0.4,23.8,1.1,3.3,34.7
70,Caris LeVert,CLE,27,2.3,3.7,62.1,2.2,4.9,43.6,0.7,1.7,40.2,0.1,0.3,20.0,0.1,0.3,36.8,0.2,0.6,29.4,1.2,3.8,32.4
71,Carlik Jones,DEN,24,0.3,1.0,25.0,0.0,0.0,0.0,0.0,0.8,0.0,0.0,0.3,0.0,0.0,0.0,0.0,0.0,0.3,0.0,0.0,0.0,0.0
72,Carmelo Anthony,LAL,38,0.8,1.2,64.0,0.4,0.9,44.1,1.3,2.6,49.2,0.2,0.6,42.1,0.3,0.6,45.9,0.5,1.1,44.0,1.7,4.7,36.0
73,Carsen Edwards,DET,24,0.5,1.8,28.6,0.0,1.0,0.0,0.8,0.8,100,0.3,0.3,100,0.0,0.0,0.0,0.3,0.3,100,0.8,3.8,20.0
74,Cassius Stanley,DET,22,1.0,1.8,56.3,0.7,1.2,54.5,0.0,0.2,0.0,0.1,0.3,50.0,0.1,0.8,16.7,0.3,1.0,25.0,0.2,1.0,22.2
75,Cassius Winston,WAS,24,0.0,0.1,0.0,0.2,0.5,33.3,0.2,0.2,100,0.0,0.2,0.0,0.0,0.0,0.0,0.0,0.2,0.0,0.3,0.7,40.0
76,Cat Barber,ATL,27,0.0,0.7,0.0,0.0,0.0,0.0,0.0,1.0,0.0,-,-,-,-,-,-,-,-,-,0.0,0.0,0.0
77,Cedi Osman,CLE,27,1.4,2.2,63.9,0.3,0.8,38.0,0.1,0.3,40.0,0.2,0.6,35.9,0.2,0.5,48.3,0.4,1.0,41.2,1.5,4.4,34.6
78,Chandler Hutchison,PHX,26,0.0,0.2,0.0,0.2,0.2,100.0,0.0,0.0,0.0,0.0,0.0,0.0,0.0,0.0,0.0,0.0,0.0,0.0,0.0,0.0,0.0
79,Charles Bassey,PHI,21,0.9,1.3,72.4,0.3,0.5,72.7,0.0,0.1,33.3,0.0,0.0,0.0,0.0,0.1,0.0,0.0,0.1,0.0,0.0,0.1,0.0
80,Charlie Brown Jr.,PHI,25,0.4,0.9,44.4,0.1,0.3,20.0,0.0,0.2,0.0,0.0,0.1,0.0,0.0,0.1,0.0,0.0,0.1,0.0,0.1,0.5,10.0
81,Chaundee Brown Jr.,ATL,23,0.6,1.2,50.0,0.0,1.0,0.0,0.2,0.6,33.3,0.0,0.6,0.0,0.2,0.2,100,0.2,0.8,25.0,1.0,2.6,38.5
82,Cheick Diallo,DET,25,0.7,2.0,33.3,0.3,0.7,50.0,0.0,0.0,0.0,0.0,0.0,0.0,0.0,0.0,0.0,0.0,0.0,0.0,0.0,0.0,0.0
83,Chimezie Metu,SAC,25,1.4,2.1,68.5,0.7,1.6,44.2,0.3,0.7,43.2,0.1,0.4,20.0,0.3,0.7,38.5,0.3,1.0,32.2,0.6,2.1,29.9
84,Chris Boucher,TOR,29,2.2,3.3,66.3,0.2,0.7,34.0,0.1,0.4,25.0,0.1,0.3,36.0,0.3,0.5,47.6,0.4,0.8,43.3,0.5,2.0,23.8
85,Chris Chiozza,GSW,26,0.1,0.4,16.7,0.1,0.3,27.3,0.1,0.2,40.0,0.1,0.3,25.0,0.0,0.2,20.0,0.1,0.4,23.1,0.4,1.2,35.0
86,Chris Duarte,IND,25,1.6,2.9,56.7,0.5,1.5,37.5,1.0,2.3,42.6,0.4,0.9,43.5,0.1,0.5,26.9,0.5,1.3,37.5,1.2,3.3,37.4
87,Chris Paul,PHX,37,0.3,0.5,64.5,1.9,3.2,60.3,2.4,4.6,51.9,0.0,0.2,23.1,0.0,0.1,50.0,0.1,0.3,29.4,0.9,2.8,32.4
88,Chris Silva,MIA,25,0.9,1.3,70.0,0.1,0.5,25.0,0.0,0.1,0.0,0.0,0.0,0.0,0.0,0.0,0.0,0.0,0.0,0.0,0.0,0.0,0.0
89,Christian Wood,HOU,26,3.3,4.8,67.6,1.1,2.3,48.4,0.2,0.8,19.6,0.2,0.3,50.0,0.1,0.3,42.1,0.3,0.6,46.3,1.6,4.3,38.1
90,Chuma Okeke,ORL,23,0.9,1.5,63.1,0.3,0.9,34.4,0.2,0.6,29.3,0.3,0.7,42.0,0.2,0.6,34.1,0.5,1.3,38.3,1.2,3.9,29.7
91,Clint Capela,ATL,28,4.4,6.7,66.2,0.5,1.4,38.2,0.0,0.1,50.0,0.0,0.0,0.0,0.0,0.0,0.0,0.0,0.0,0.0,0.0,0.0,0.0
92,Coby White,CHI,22,1.4,2.3,62.6,0.5,1.3,36.3,0.4,1.2,37.0,0.3,0.8,39.6,0.2,0.4,53.8,0.5,1.2,44.6,1.7,4.5,37.3
93,Cody Martin,CHA,26,1.7,2.6,65.2,0.2,0.6,27.9,0.2,0.5,31.6,0.3,0.8,34.5,0.3,0.6,41.9,0.5,1.4,37.8,0.3,0.8,39.0
94,Cody Zeller,POR,29,1.5,2.4,62.1,0.3,0.7,47.4,0.0,0.0,100,0.0,0.0,0.0,0.0,0.0,0.0,0.0,0.0,0.0,0.0,0.1,0.0
95,Cole Anthony,ORL,22,1.5,2.8,55.0,1.2,3.0,40.5,0.7,2.3,32.2,0.2,0.4,42.9,0.0,0.1,0.0,0.2,0.5,34.3,1.8,5.4,33.9
96,Collin Sexton,CLE,23,3.5,4.8,71.7,1.1,3.1,35.3,0.6,1.7,36.8,0.2,0.4,50.0,0.1,0.4,25.0,0.3,0.7,37.5,0.7,3.4,21.6
97,Corey Kispert,WAS,23,1.1,1.4,75.5,0.4,0.7,50.9,0.1,0.4,35.7,0.4,0.9,47.6,0.2,0.7,33.3,0.6,1.4,41.7,0.9,2.7,31.8
98,Cory Joseph,DET,30,1.0,1.8,56.0,0.5,1.1,42.9,0.3,0.9,32.1,0.2,0.4,42.9,0.1,0.2,53.8,0.3,0.6,46.3,0.7,1.8,40.0
99,Craig Sword,WAS,28,1.0,1.0,100,0.0,0.0,0.0,0.0,0.0,0.0,0.0,1.0,0.0,0.0,0.0,0.0,0.0,0.5,0.0,0.0,0.0,0.0
100,D'Angelo Russell,MIN,26,1.4,2.2,64.3,1.0,2.2,43.4,1.1,2.7,41.4,0.2,0.5,45.2,0.1,0.2,33.3,0.3,0.7,41.3,2.4,7.2,33.5
101,D.J. Augustin,LAL,34,0.3,0.6,54.3,0.1,0.3,35.7,0.0,0.2,22.2,0.2,0.4,45.5,0.2,0.4,50.0,0.3,0.7,47.5,0.9,2.3,39.5
102,D.J. Wilson,TOR,26,1.5,1.5,100,0.7,1.3,50.0,1.0,1.0,100,0.0,0.0,0.0,0.0,0.3,0.0,0.0,0.3,0.0,0.0,0.3,0.0
103,DaQuan Jeffries,MEM,24,0.5,0.5,100,0.0,0.0,0.0,0.0,0.0,0.0,0.0,0.0,0.0,0.0,1.0,0.0,0.0,0.5,0.0,0.0,0.0,0.0
104,Daishen Nix,HOU,20,0.8,1.2,62.1,0.1,0.5,18.2,0.0,0.0,0.0,0.0,0.1,0.0,0.1,0.1,50.0,0.0,0.2,25.0,0.3,0.9,28.6
105,Dakota Mathias,MEM,26,0.0,0.0,0.0,0.0,0.0,0.0,0.0,0.0,0.0,1.0,1.0,100,0.0,0.0,0.0,0.5,0.5,100,0.2,1.0,20.0
106,Dalano Banton,TOR,22,0.8,1.3,60.2,0.2,0.7,25.0,0.1,0.4,37.5,0.0,0.2,20.0,0.0,0.1,33.3,0.1,0.2,23.1,0.1,0.6,24.3
107,Damian Jones,SAC,27,2.3,2.8,83.3,0.3,0.9,38.0,0.3,0.6,51.6,0.0,0.1,40.0,0.0,0.0,0.0,0.0,0.1,28.6,0.1,0.4,38.1
108,Damian Lillard,POR,31,2.7,5.0,54.2,0.5,1.2,41.2,1.3,3.1,42.2,0.1,0.3,20.0,0.1,0.2,57.1,0.2,0.6,35.3,3.0,9.2,32.2
109,Damion Lee,GSW,29,1.1,1.4,82.1,0.3,0.8,39.6,0.3,0.9,27.1,0.3,0.7,41.5,0.1,0.6,20.6,0.4,1.2,32.0,0.6,1.7,35.5
110,Damyean Dotson,NYK,28,0.5,0.5,100,0.0,0.5,0.0,0.5,0.5,100,0.0,0.0,0.0,0.0,0.5,0.0,0.0,0.5,0.0,0.0,0.0,0.0
111,Daniel Gafford,WAS,23,3.6,4.5,78.8,0.4,1.0,36.5,0.0,0.2,18.2,0.0,0.0,0.0,0.0,0.0,0.0,0.0,0.0,0.0,0.0,0.0,0.0
112,Daniel Oturu,TOR,22,1.0,1.3,75.0,0.0,0.5,0.0,0.0,0.0,0.0,0.0,0.0,0.0,0.0,0.0,0.0,0.0,0.0,0.0,0.0,0.3,0.0
113,Daniel Theis,BOS,30,1.9,2.5,74.6,0.5,0.9,51.2,0.2,0.5,33.3,0.1,0.3,42.9,0.1,0.3,28.6,0.2,0.6,35.7,0.5,1.6,29.9
114,Danilo Gallinari,ATL,33,0.8,1.2,66.3,0.5,1.1,45.1,0.9,2.3,40.5,0.1,0.3,47.1,0.2,0.3,50.0,0.3,0.6,48.6,1.4,3.8,36.6
115,Danny Green,PHI,35,0.2,0.4,57.7,0.1,0.2,30.8,0.1,0.2,40.0,0.3,0.9,37.7,0.6,1.4,43.5,0.9,2.2,41.3,0.7,2.0,34.6
116,Danuel House Jr.,UTA,29,0.7,1.2,57.1,0.0,0.4,11.1,0.1,0.3,42.9,0.1,0.5,25.0,0.5,1.1,44.2,0.6,1.5,38.1,0.5,1.3,37.7
117,Darius Bazley,OKC,22,2.1,3.6,58.2,0.6,1.7,38.6,0.1,0.2,26.7,0.2,0.5,45.5,0.1,0.6,23.7,0.3,1.0,33.8,0.8,2.9,28.4
118,Darius Garland,CLE,22,2.2,3.9,57.4,1.7,3.5,48.3,1.5,3.2,46.8,0.2,0.5,45.2,0.1,0.4,25.9,0.3,0.9,36.2,2.3,5.8,38.6
119,Darren Collison,LAL,34,0.7,0.7,100,0.0,0.0,0.0,0.0,0.7,0.0,0.0,1.0,0.0,0.0,0.0,0.0,0.0,1.0,0.0,0.0,0.0,0.0
120,David Duke Jr.,BKN,22,1.3,2.6,49.1,0.0,0.4,11.1,0.1,0.3,28.6,0.2,0.7,23.1,0.2,0.4,42.9,0.3,1.0,30.0,0.2,0.9,17.6
121,David Johnson,TOR,21,0.0,0.0,0.0,0.0,0.0,0.0,0.0,0.0,0.0,-,-,-,0.0,0.0,0.0,0.0,0.0,0.0,0.0,1.0,0.0
122,David Nwaba,HOU,29,1.4,2.2,62.7,0.1,0.5,24.0,0.0,0.0,0.0,0.1,0.3,40.0,0.0,0.3,18.2,0.1,0.5,28.6,0.2,0.6,32.1
123,Davion Mitchell,SAC,23,1.6,2.7,60.0,0.7,1.7,40.3,1.0,2.6,40.2,0.1,0.4,21.4,0.1,0.2,64.3,0.2,0.6,35.7,1.1,3.7,31.4
124,Davis Bertans,DAL,29,0.3,0.4,66.7,0.1,0.3,21.4,0.1,0.1,42.9,0.2,0.6,40.0,0.3,0.5,59.1,0.5,1.0,48.1,0.9,3.2,29.4
125,Davon Reed,DEN,27,0.4,0.6,62.1,0.3,0.5,57.1,0.3,0.6,56.0,0.2,0.5,36.8,0.1,0.2,42.9,0.2,0.6,38.5,0.6,1.3,45.0
126,Day'Ron Sharpe,BKN,20,2.5,3.9,64.8,0.1,0.6,23.5,0.0,0.1,33.3,0.0,0.0,0.0,0.0,0.0,100,0.0,0.0,100,0.0,0.2,16.7
127,De'Aaron Fox,SAC,24,3.1,4.8,65.1,2.7,5.8,46.2,1.7,3.6,45.6,0.1,0.4,30.8,0.0,0.2,0.0,0.1,0.6,22.9,1.1,3.6,30.8
128,De'Andre Hunter,ATL,24,1.7,2.8,59.7,0.9,2.2,41.5,0.8,2.1,37.2,0.4,0.9,46.8,0.2,0.7,28.6,0.6,1.5,39.0,0.8,2.1,37.2
129,De'Anthony Melton,MEM,24,1.1,1.9,55.0,0.6,1.6,39.0,0.2,0.9,28.1,0.3,0.4,58.1,0.2,0.5,40.6,0.4,0.9,49.2,1.5,4.2,35.5
130,DeAndre Jordan,PHI,33,1.9,2.8,68.9,0.0,0.2,11.1,0.0,0.0,0.0,0.0,0.0,0.0,0.0,0.0,0.0,0.0,0.0,0.0,0.0,0.0,0.0
131,DeAndre' Bembry,MIL,27,1.7,2.7,64.9,0.2,0.6,37.1,0.0,0.0,0.0,0.1,0.2,54.5,0.1,0.2,54.5,0.2,0.4,54.5,0.1,0.3,21.4
132,DeJon Jarreau,IND,24,0.0,0.0,0.0,0.0,0.0,0.0,-,-,-,-,-,-,-,-,-,-,-,-,0.0,0.0,0.0
133,DeMar DeRozan,CHI,32,2.5,3.9,64.2,2.5,4.7,52.4,4.6,9.8,47.0,0.1,0.4,37.9,0.1,0.4,25.0,0.2,0.8,31.6,0.4,1.1,39.5
134,DeMarcus Cousins,DEN,31,1.9,3.0,61.8,0.4,1.0,42.6,0.1,0.2,27.3,0.0,0.1,20.0,0.0,0.0,50.0,0.0,0.1,28.6,0.7,2.4,30.4
135,Dean Wade,CLE,25,0.7,0.9,72.3,0.1,0.3,50.0,0.1,0.3,50.0,0.1,0.5,23.8,0.1,0.4,22.2,0.2,0.8,23.1,0.8,2.0,40.8
136,Deandre Ayton,PHX,23,3.6,4.8,76.4,3.0,4.9,59.9,0.9,2.0,45.2,0.0,0.0,0.0,0.0,0.0,0.0,0.0,0.0,0.0,0.1,0.3,36.8
137,Deividas Sirvydis,DET,22,0.0,0.7,0.0,0.0,0.3,0.0,0.0,0.0,0.0,0.0,0.0,0.0,0.0,0.5,0.0,0.0,0.3,0.0,0.3,2.0,16.7
138,Dejounte Murray,SAS,25,2.9,4.5,64.0,2.1,4.7,45.3,2.0,4.7,42.1,0.1,0.5,27.8,0.1,0.3,33.3,0.3,0.8,29.8,1.2,3.5,33.5
139,Delon Wright,ATL,30,0.7,1.1,63.2,0.2,0.6,34.0,0.1,0.2,36.8,0.1,0.2,33.3,0.1,0.2,23.5,0.1,0.4,27.6,0.5,1.1,42.9
140,Deni Avdija,WAS,21,1.4,2.1,63.1,0.6,1.4,41.6,0.1,0.4,32.3,0.1,0.4,23.3,0.2,0.5,31.6,0.2,0.8,27.9,0.8,2.3,33.2
141,Dennis Schroder,HOU,28,1.7,2.7,63.5,0.9,2.4,38.3,0.9,2.4,39.1,0.1,0.3,36.4,0.1,0.1,50.0,0.2,0.5,40.0,1.2,3.4,33.9
142,Dennis Smith Jr.,POR,24,1.3,2.5,53.9,0.4,1.3,31.3,0.3,0.7,40.0,0.0,0.1,33.3,0.0,0.1,33.3,0.1,0.2,33.3,0.1,0.6,19.0
143,Denzel Valentine,UTA,28,0.1,0.2,75.0,0.1,0.5,25.0,0.0,0.1,0.0,0.4,0.9,46.2,0.2,0.5,42.9,0.5,1.1,45.0,0.5,1.2,37.0
144,Derrick Favors,OKC,30,1.2,1.8,65.2,0.6,1.1,52.3,0.6,1.4,45.3,0.0,0.2,0.0,0.0,0.2,12.5,0.0,0.4,7.1,0.0,0.1,50.0
145,Derrick Jones Jr.,CHI,25,1.6,2.3,67.2,0.1,0.3,35.3,0.0,0.0,100,0.3,0.7,42.9,0.1,0.3,30.8,0.3,0.9,39.0,0.1,0.4,15.8
146,Derrick Rose,NYK,33,1.8,3.0,58.2,1.1,2.4,44.4,0.4,1.5,27.5,0.1,0.3,42.9,0.1,0.4,30.0,0.2,0.7,35.3,1.2,2.8,41.9
147,Derrick Walton Jr.,DET,27,0.7,1.3,50.0,0.0,1.3,0.0,0.3,1.7,20.0,0.0,0.0,0.0,0.3,0.3,100,0.3,0.3,100,0.7,4.0,16.7
148,Derrick White,BOS,27,1.3,2.3,58.5,1.3,2.6,50.0,0.3,0.9,37.1,0.1,0.3,28.0,0.2,0.7,30.0,0.3,1.0,29.3,1.2,3.9,32.0
149,Desmond Bane,MEM,24,1.7,2.7,65.0,0.9,2.5,37.3,1.0,2.4,41.8,0.4,0.9,38.0,0.2,0.4,40.6,0.5,1.4,38.8,2.5,5.5,44.9
150,Devin Booker,PHX,25,1.9,2.9,68.0,1.9,4.2,45.6,3.2,6.9,46.9,0.2,0.4,36.7,0.2,0.5,41.7,0.4,1.0,39.4,2.3,6.0,38.1
151,Devin Cannady,ORL,26,0.0,0.4,0.0,0.0,0.6,0.0,0.0,0.4,0.0,1.0,2.0,50.0,0.4,0.4,100,1.4,2.4,58.3,1.6,5.0,32.0
152,Devin Vassell,SAS,21,1.0,1.6,65.5,0.7,1.8,41.6,0.9,2.1,43.2,0.1,0.8,16.9,0.5,1.0,51.4,0.6,1.8,35.7,1.3,3.5,36.4
153,Devon Dotson,CHI,22,0.9,1.1,81.8,0.0,0.1,0.0,0.0,0.2,0.0,0.0,0.3,0.0,0.0,0.0,0.0,0.0,0.3,0.0,0.2,0.5,33.3
154,Devontae Cacok,SAS,25,0.7,1.0,73.3,0.7,1.1,62.5,0.0,0.0,0.0,0.0,0.0,0.0,0.0,0.0,0.0,0.0,0.0,0.0,0.0,0.0,0.0
155,Devonte' Graham,NOP,27,0.6,1.1,56.3,0.3,0.8,33.3,0.5,1.5,36.0,0.2,0.5,43.6,0.2,0.5,30.8,0.4,1.0,37.2,2.1,6.3,33.4
156,Dewayne Dedmon,MIA,32,1.6,2.4,67.5,0.4,0.9,49.1,0.1,0.4,34.6,0.0,0.0,0.0,0.0,0.1,50.0,0.0,0.1,33.3,0.3,0.6,42.5
157,Didi Louzada,POR,22,0.1,0.3,33.3,0.0,0.6,0.0,0.3,0.3,100,0.3,0.4,66.7,0.1,0.6,25.0,0.4,0.9,42.9,0.8,2.0,37.5
158,Dillon Brooks,MEM,26,2.7,4.3,62.5,1.8,4.5,39.9,1.2,3.1,39.8,0.2,0.5,41.2,0.1,0.3,25.0,0.3,0.8,36.0,1.2,3.8,30.6
159,Domantas Sabonis,SAC,26,5.1,7.2,71.6,1.1,2.3,49.7,0.2,1.0,24.6,0.0,0.2,16.7,0.0,0.1,40.0,0.1,0.3,23.5,0.6,1.7,32.4
160,Donovan Mitchell,UTA,25,2.7,4.1,65.3,2.0,4.4,46.9,1.0,2.3,43.8,0.2,0.5,39.4,0.2,0.5,35.3,0.4,1.0,37.3,3.1,8.7,35.4
161,Donte DiVincenzo,SAC,25,0.7,1.5,46.2,0.2,0.8,28.6,0.1,0.4,22.2,0.3,0.6,42.3,0.2,0.5,42.9,0.5,1.1,42.6,1.3,4.0,31.8
162,Dorian Finney-Smith,DAL,29,1.6,2.3,69.9,0.2,0.7,35.2,0.1,0.2,29.4,0.6,1.3,45.5,0.5,1.1,45.8,1.1,2.3,45.7,1.1,3.1,35.3
163,Doug McDermott,SAS,30,1.3,2.1,62.3,0.5,1.3,34.8,0.4,0.7,47.4,0.3,0.7,44.4,0.2,0.3,68.8,0.5,1.0,51.9,1.6,4.0,39.9
164,Draymond Green,GSW,32,1.7,2.3,72.8,0.9,1.9,47.1,0.1,0.3,26.7,0.0,0.1,0.0,0.0,0.2,28.6,0.0,0.3,16.7,0.3,0.8,36.8
165,Drew Eubanks,POR,25,1.8,2.6,68.5,1.1,2.0,58.4,0.1,0.4,37.0,0.0,0.0,100,0.0,0.1,0.0,0.0,0.1,25.0,0.1,0.3,21.1
166,Duane Washington Jr.,IND,22,1.1,2.2,52.0,0.4,1.3,33.3,0.4,1.1,38.0,0.6,1.2,51.0,0.2,0.6,39.1,0.8,1.6,47.3,1.0,2.9,33.1
167,Duncan Robinson,MIA,28,0.5,0.8,63.9,0.1,0.3,42.3,0.1,0.2,56.3,0.5,1.2,41.8,0.4,0.8,41.8,0.8,2.0,41.8,2.1,5.9,35.5
168,Dwight Howard,LAL,36,2.0,2.8,70.7,0.1,0.5,25.0,0.0,0.1,0.0,0.0,0.0,0.0,0.0,0.0,100,0.0,0.0,100,0.1,0.2,46.2
169,Dwight Powell,DAL,30,2.9,3.8,77.4,0.2,0.5,31.7,0.0,0.2,23.1,0.0,0.1,50.0,0.0,0.0,100,0.1,0.1,62.5,0.1,0.4,27.6
170,Dylan Windler,CLE,25,0.3,0.5,59.1,0.1,0.1,50.0,0.0,0.0,0.0,0.1,0.5,25.0,0.2,0.6,41.2,0.3,0.8,33.3,0.2,0.8,27.0
171,Ed Davis,CLE,33,0.3,0.5,75.0,0.1,0.1,50.0,0.0,0.0,0.0,0.0,0.0,0.0,0.0,0.0,0.0,0.0,0.0,0.0,0.0,0.0,0.0
172,Elfrid Payton,PHX,28,0.6,1.3,47.6,0.6,1.6,38.2,0.1,0.4,22.2,0.0,0.0,0.0,0.0,0.2,12.5,0.0,0.2,12.5,0.1,0.2,30.0
173,Elijah Hughes,POR,24,0.3,0.4,66.7,0.2,0.5,41.2,0.2,0.6,33.3,0.0,0.4,8.3,0.2,0.5,35.7,0.2,0.8,23.1,0.5,1.9,27.3
174,Emanuel Terry,PHX,25,0.0,1.0,0.0,0.0,0.7,0.0,0.0,0.0,0.0,0.0,0.0,0.0,0.0,0.0,0.0,0.0,0.0,0.0,0.0,0.0,0.0
175,Emmanuel Mudiay,SAC,26,0.0,0.0,0.0,0.0,0.5,0.0,0.0,0.5,0.0,0.0,0.0,0.0,0.0,0.0,0.0,0.0,0.0,0.0,0.0,0.0,0.0
176,Enes Freedom,BOS,30,1.2,2.0,58.0,0.2,0.5,33.3,0.1,0.1,60.0,0.0,0.0,100,0.0,0.0,0.0,0.0,0.0,100,0.0,0.1,25.0
177,Eric Bledsoe,POR,32,1.5,2.5,60.2,0.8,1.7,44.6,0.5,1.5,31.3,0.1,0.2,30.0,0.1,0.2,33.3,0.1,0.4,31.8,0.8,2.6,31.7
178,Eric Gordon,HOU,33,1.8,2.8,65.2,0.6,1.6,40.2,0.1,0.2,30.8,0.1,0.2,40.0,0.1,0.2,54.5,0.2,0.4,47.6,2.0,4.9,40.7
179,Eric Paschall,UTA,25,1.0,1.5,64.0,0.3,0.6,45.2,0.1,0.2,44.4,0.2,0.6,35.7,0.3,0.7,43.3,0.4,1.1,39.7,0.3,0.8,34.8
180,Eugene Omoruyi,DAL,25,0.3,0.3,100,0.0,0.0,0.0,0.0,0.7,0.0,0.0,0.0,0.0,0.0,0.5,0.0,0.0,0.3,0.0,0.3,0.3,100
181,Evan Fournier,NYK,29,0.7,1.3,55.3,0.7,1.6,40.5,0.7,1.4,45.6,0.7,1.5,46.7,0.3,0.7,37.7,1.0,2.2,44.0,2.0,5.5,37.0
182,Evan Mobley,CLE,21,3.6,4.9,72.6,1.5,3.8,38.4,0.7,2.0,37.8,0.0,0.1,30.0,0.1,0.2,36.4,0.1,0.3,33.3,0.2,1.0,22.9
183,Facundo Campazzo,DEN,31,0.5,0.9,58.3,0.2,0.5,30.3,0.1,0.2,40.0,0.1,0.4,36.4,0.1,0.3,18.8,0.2,0.6,28.9,0.7,2.3,32.2
184,Feron Hunt,NYK,22,0.0,1.0,0.0,0.0,0.0,0.0,0.0,0.0,0.0,-,-,-,0.0,0.0,0.0,0.0,0.0,0.0,0.0,0.0,0.0
185,Frank Jackson,DET,24,1.2,1.9,62.0,0.6,1.3,43.5,0.3,0.7,45.7,0.4,1.0,36.5,0.4,0.8,46.5,0.7,1.8,41.1,0.9,3.5,25.5
186,Frank Kaminsky,PHX,29,1.8,3.0,59.3,1.7,2.6,65.2,0.0,0.1,0.0,0.0,0.1,0.0,0.0,0.0,0.0,0.0,0.1,0.0,0.6,1.6,35.7
187,Frank Ntilikina,DAL,23,0.2,0.5,45.2,0.3,0.8,44.2,0.3,0.7,44.7,0.1,0.3,38.5,0.2,0.6,29.2,0.2,0.7,32.4,0.5,1.3,37.0
188,Franz Wagner,ORL,20,3.0,5.1,59.7,1.4,3.4,41.5,0.2,0.5,30.8,0.3,0.5,55.6,0.1,0.4,30.0,0.4,0.8,43.9,0.9,2.6,32.7
189,Fred VanVleet,TOR,28,1.1,2.0,55.6,0.7,2.1,32.6,1.3,2.9,44.5,0.3,0.6,47.6,0.3,0.8,42.0,0.6,1.4,44.6,3.0,8.3,36.7
190,Freddie Gillespie,ORL,25,0.2,0.9,25.0,0.8,1.2,63.6,0.0,0.2,0.0,0.0,0.0,0.0,0.0,0.1,0.0,0.0,0.1,0.0,0.0,0.0,0.0
191,Furkan Korkmaz,PHI,24,1.0,1.5,67.7,0.3,1.0,35.4,0.2,0.7,34.1,0.1,0.5,25.0,0.1,0.5,25.0,0.2,0.9,25.0,0.9,3.0,31.0
192,Gabe Vincent,MIA,26,0.7,1.3,55.3,0.4,0.7,55.6,0.4,1.0,39.3,0.3,0.8,43.8,0.2,0.6,38.9,0.5,1.3,41.7,1.2,3.5,35.6
193,Gabe York,IND,28,0.0,0.0,0.0,0.5,0.5,100.0,0.0,0.0,0.0,0.0,0.5,0.0,-,-,-,0.0,0.5,0.0,0.5,2.5,20.0
194,Gabriel Deck,OKC,27,0.4,0.7,60.0,0.3,0.3,100.0,0.1,0.4,33.3,0.3,0.3,100,0.3,0.3,100,0.4,0.4,100,0.0,0.3,0.0
195,Gabriel Lundberg,PHX,27,0.0,0.8,0.0,0.0,0.3,0.0,0.5,1.8,28.6,0.0,0.0,0.0,0.0,0.0,0.0,0.0,0.0,0.0,0.8,2.0,37.5
196,Garrett Temple,NOP,36,0.6,1.0,61.7,0.1,0.4,33.3,0.1,0.4,26.9,0.3,0.9,32.7,0.2,0.6,30.6,0.5,1.5,31.8,0.5,1.6,32.0
197,Garrison Mathews,HOU,25,0.6,0.8,72.7,0.0,0.2,23.1,0.0,0.1,28.6,0.4,1.1,35.7,0.1,0.4,26.9,0.5,1.5,33.3,1.6,4.5,36.9
198,Gary Clark,NOP,27,0.0,0.3,10.0,0.1,0.2,57.1,0.0,0.1,0.0,0.4,0.6,60.0,0.3,0.8,38.1,0.6,1.2,48.8,0.2,0.7,28.6
199,Gary Harris,ORL,27,1.2,1.9,63.2,0.5,1.0,45.9,0.4,1.3,31.2,0.8,1.5,49.5,0.4,0.9,41.2,1.1,2.3,46.5,0.8,2.6,31.4
200,Gary Payton II,GSW,29,2.0,2.5,80.5,0.4,0.7,58.3,0.0,0.0,50.0,0.2,0.5,40.0,0.2,0.6,38.5,0.4,1.1,39.2,0.2,0.6,31.1
201,Gary Trent Jr.,TOR,23,1.0,1.7,55.4,1.0,2.5,42.2,1.4,3.5,40.7,0.3,0.9,35.5,0.3,0.7,37.5,0.6,1.6,36.4,2.4,6.2,39.0
202,George Hill,MIL,36,1.1,1.6,67.1,0.2,0.7,29.7,0.2,0.4,47.4,0.2,0.6,31.3,0.2,0.4,55.0,0.4,1.0,40.4,0.4,1.5,24.7
203,George King,DAL,28,0.0,0.3,0.0,0.0,0.0,0.0,0.0,0.0,0.0,0.0,0.5,0.0,0.0,1.0,0.0,0.0,0.8,0.0,0.0,0.3,0.0
204,Georges Niang,PHI,29,0.7,1.1,63.4,0.4,1.0,41.9,0.1,0.3,29.2,0.4,0.9,43.3,0.2,0.8,30.4,0.6,1.6,37.4,1.4,3.4,42.5
205,Georgios Kalaitzakis,OKC,23,1.5,2.3,65.2,0.5,1.0,45.5,0.1,0.6,14.3,0.0,0.1,0.0,0.1,0.4,33.3,0.1,0.6,25.0,0.7,1.7,40.9
206,Giannis Antetokounmpo,MIL,27,6.6,8.7,76.6,1.3,3.3,40.8,1.3,3.1,41.5,0.0,0.1,25.0,0.0,0.0,0.0,0.0,0.1,16.7,1.0,3.5,29.9
207,Goga Bitadze,IND,22,1.9,2.7,70.9,0.2,0.7,34.3,0.0,0.1,33.3,0.0,0.0,0.0,0.0,0.1,33.3,0.0,0.1,20.0,0.4,1.5,29.3
208,Goran Dragic,BKN,36,1.0,1.7,60.0,0.7,1.4,50.0,0.2,1.1,21.7,0.1,0.4,33.3,0.1,0.2,25.0,0.2,0.6,30.8,0.6,2.4,24.0
209,Gordon Hayward,CHA,32,2.0,3.3,62.1,0.9,2.5,33.9,1.1,2.3,49.1,0.2,0.5,50.0,0.2,0.5,34.8,0.4,1.0,42.6,1.3,3.5,38.2
210,Gorgui Dieng,ATL,32,0.3,0.4,68.8,0.1,0.2,42.9,0.2,0.5,47.6,0.0,0.1,25.0,0.0,0.0,100,0.1,0.1,40.0,0.6,1.4,42.9
211,Grant Williams,BOS,23,1.0,1.3,73.8,0.3,0.7,36.4,0.0,0.2,18.8,0.3,0.8,43.9,0.5,1.0,49.3,0.8,1.7,46.9,0.6,1.7,35.2
212,Grayson Allen,MIL,26,1.0,1.5,66.0,0.3,0.9,34.5,0.2,0.3,43.5,0.5,1.0,49.2,0.2,0.6,40.0,0.7,1.6,45.6,1.7,4.3,39.3
213,Greg Brown III,POR,20,1.2,2.1,57.3,0.1,0.4,26.3,0.0,0.3,14.3,0.1,0.4,25.0,0.1,0.2,28.6,0.2,0.6,26.1,0.3,0.8,34.2
214,Greg Monroe,MIN,32,1.9,3.0,64.3,0.4,0.9,38.5,0.0,0.2,0.0,0.0,0.0,0.0,0.0,0.0,0.0,0.0,0.0,0.0,0.0,0.0,0.0
215,Hamidou Diallo,DET,23,2.5,3.8,64.6,1.1,2.3,49.2,0.5,1.3,37.2,0.1,0.6,18.8,0.1,0.3,41.2,0.2,0.8,26.5,0.2,0.7,23.8
216,Harrison Barnes,SAC,30,2.1,3.4,62.5,0.9,2.3,40.6,0.2,0.5,40.0,0.3,0.8,41.3,0.4,0.7,56.6,0.7,1.5,48.3,1.1,3.2,35.2
217,Hassan Whiteside,UTA,33,2.6,3.3,78.6,0.7,1.6,42.7,0.0,0.2,16.7,0.0,0.0,0.0,0.0,0.0,0.0,0.0,0.0,0.0,0.0,0.0,0.0
218,Hassani Gravett,ORL,25,0.1,0.5,25.0,0.5,0.6,80.0,0.3,0.4,66.7,0.4,0.5,75.0,0.1,0.3,50.0,0.5,0.8,66.7,0.9,2.4,36.8
219,Haywood Highsmith,MIA,25,0.2,0.6,27.3,0.2,0.2,75.0,0.1,0.2,33.3,0.4,0.8,50.0,0.1,0.4,14.3,0.4,1.1,35.3,0.2,0.6,27.3
220,Herbert Jones,NOP,23,2.3,3.4,66.0,0.3,1.2,25.5,0.2,0.6,35.6,0.3,0.7,37.5,0.1,0.4,27.3,0.4,1.1,33.7,0.3,1.0,34.2
221,Ignas Brazdeikis,ORL,23,1.0,1.6,60.6,0.3,0.7,39.3,0.1,0.2,50.0,0.1,0.4,21.4,0.2,0.5,40.0,0.2,0.8,31.0,0.4,1.4,29.8
222,Immanuel Quickley,NYK,23,0.6,1.0,61.3,0.9,2.1,40.7,0.4,1.0,37.0,0.1,0.2,31.6,0.1,0.3,43.5,0.2,0.5,38.1,1.6,4.5,34.2
223,Isaac Bonga,TOR,22,0.1,0.4,20.0,0.1,0.2,33.3,0.0,0.1,0.0,0.0,0.2,0.0,0.1,0.3,33.3,0.1,0.4,25.0,0.0,0.0,0.0
224,Isaac Okoro,CLE,21,2.1,3.4,62.6,0.1,0.6,18.9,0.0,0.2,27.3,0.2,0.6,35.0,0.4,1.2,36.3,0.6,1.8,35.8,0.2,0.5,33.3
225,Isaiah Hartenstein,LAC,24,2.2,3.0,72.8,1.0,1.9,52.3,0.0,0.1,16.7,0.0,0.1,50.0,0.0,0.0,0.0,0.0,0.1,33.3,0.2,0.4,50.0
226,Isaiah Jackson,IND,20,2.9,4.3,67.1,0.3,1.0,31.3,0.1,0.4,25.0,0.0,0.0,100,0.0,0.0,0.0,0.0,0.0,100,0.1,0.4,26.7
227,Isaiah Joe,PHI,22,0.2,0.3,64.3,0.0,0.2,12.5,0.1,0.4,35.0,0.2,0.6,40.0,0.2,0.5,35.3,0.3,0.9,38.1,0.5,1.7,31.5
228,Isaiah Livers,DET,23,0.5,0.6,75.0,0.1,0.2,25.0,0.2,0.5,40.0,0.3,0.8,33.3,0.4,0.8,46.2,0.6,1.5,39.3,0.8,1.9,44.4
229,Isaiah Roby,OKC,24,2.0,3.0,67.9,0.5,1.7,32.0,0.2,0.3,46.7,0.2,0.4,44.4,0.1,0.2,55.6,0.3,0.6,48.1,0.7,1.6,43.1
230,Isaiah Stewart,DET,21,2.8,4.8,57.8,0.3,1.0,33.3,0.2,0.4,41.9,0.0,0.0,0.0,0.0,0.0,0.0,0.0,0.1,0.0,0.2,0.6,35.7
231,Isaiah Thomas,CHA,33,0.6,1.2,53.8,0.5,1.5,30.3,0.7,1.1,60.0,0.2,0.5,40.0,0.2,0.5,30.0,0.3,0.9,35.0,1.0,2.9,33.3
232,Isaiah Todd,WAS,20,0.2,0.5,33.3,0.0,0.2,0.0,0.1,0.2,50.0,0.6,0.8,75.0,0.1,0.6,20.0,0.4,1.0,44.4,0.0,0.6,0.0
233,Ish Smith,WAS,33,0.7,1.5,48.0,0.5,1.6,34.0,1.2,2.5,48.1,0.1,0.1,87.5,0.1,0.2,30.0,0.2,0.3,55.6,0.2,0.7,31.3
234,Ish Wainright,PHX,27,0.5,0.8,66.7,0.0,0.3,15.4,0.0,0.0,0.0,0.1,0.4,18.2,0.4,0.6,61.1,0.4,0.8,44.8,0.1,0.7,20.0
235,Ivica Zubac,LAC,25,2.9,4.2,70.7,1.1,2.2,48.8,0.1,0.1,40.0,0.0,0.0,0.0,0.0,0.0,0.0,0.0,0.0,0.0,0.0,0.0,0.0
236,JT Thor,CHA,19,0.3,0.5,68.8,0.1,0.2,57.1,0.1,0.2,40.0,0.0,0.1,33.3,0.0,0.1,50.0,0.1,0.2,40.0,0.2,0.7,22.7
237,Ja Morant,MEM,22,5.3,7.9,66.9,3.0,7.0,42.9,0.3,1.2,26.1,0.1,0.2,46.2,0.1,0.2,38.5,0.2,0.5,42.3,1.4,4.0,33.9
238,JaMychal Green,DEN,32,1.5,2.3,66.9,0.2,0.5,45.2,0.2,0.3,52.4,0.1,0.2,40.0,0.1,0.4,30.4,0.2,0.6,34.2,0.3,1.3,23.8
239,JaQuori McLaughlin,DAL,24,0.0,0.0,0.0,0.0,0.0,0.0,0.0,0.3,0.0,0.0,0.5,0.0,0.0,0.0,0.0,0.0,0.3,0.0,0.0,0.0,0.0
240,JaVale McGee,PHX,34,2.7,3.9,69.5,1.0,1.8,55.6,0.1,0.3,36.4,0.0,0.0,0.0,0.0,0.0,0.0,0.0,0.0,0.0,0.0,0.1,22.2
241,Jabari Parker,BOS,27,0.5,0.8,60.0,0.2,0.4,40.0,0.2,0.6,28.6,0.3,0.3,100,0.1,0.4,25.0,0.3,0.5,50.0,0.4,0.8,55.6
242,Jaden McDaniels,MIN,21,1.8,2.6,69.3,0.5,1.2,39.5,0.2,0.5,44.7,0.4,1.1,38.2,0.2,0.8,32.1,0.7,1.8,35.7,0.5,1.7,28.1
243,Jaden Springer,PHI,19,0.0,0.0,0.0,0.5,0.5,100.0,0.0,0.0,0.0,-,-,-,0.0,0.0,0.0,0.0,0.0,0.0,0.0,0.0,0.0
244,Jae Crowder,PHX,31,0.4,0.6,59.5,0.4,0.8,45.3,0.6,1.2,49.4,0.3,0.6,42.5,0.2,0.6,39.0,0.5,1.2,40.7,1.4,4.2,33.2
245,Jae'Sean Tate,HOU,26,3.2,4.8,65.8,0.7,1.8,36.4,0.0,0.1,10.0,0.1,0.6,20.9,0.2,0.5,42.5,0.3,1.1,31.3,0.5,1.5,31.1
246,Jahmi'us Ramsey,SAC,21,0.7,1.2,59.1,0.1,0.6,11.1,0.3,0.6,55.6,0.1,0.4,25.0,0.0,0.0,0.0,0.1,0.3,25.0,0.2,0.8,28.6
247,Jaime Echenique,WAS,25,0.0,0.0,0.0,0.0,0.0,0.0,0.0,0.0,0.0,-,-,-,0.0,0.0,0.0,0.0,0.0,0.0,0.0,0.0,0.0
248,Jake Layman,MIN,28,0.5,0.7,73.9,0.1,0.2,37.5,0.1,0.2,28.6,0.1,0.5,18.2,0.1,0.4,28.6,0.2,0.7,22.2,0.1,0.5,23.5
249,Jakob Poeltl,SAS,26,3.8,5.2,72.8,2.1,4.1,51.2,0.1,0.4,28.6,0.0,0.0,0.0,0.0,0.0,0.0,0.0,0.0,0.0,0.0,0.0,0.0
250,Jalen Brunson,DAL,25,1.7,2.6,67.2,2.1,4.0,51.4,1.4,3.0,47.3,0.3,0.5,48.8,0.2,0.4,51.4,0.5,1.0,50.0,0.7,2.2,32.2
251,Jalen Green,HOU,20,2.9,4.6,62.1,0.2,1.2,19.5,0.6,1.6,38.5,0.3,0.7,35.4,0.1,0.4,37.5,0.4,1.1,36.1,2.0,5.7,34.1
252,Jalen Johnson,ATL,20,0.9,1.0,90.5,0.0,0.2,0.0,0.0,0.2,0.0,0.0,0.2,0.0,0.1,0.3,33.3,0.1,0.3,20.0,0.1,0.4,25.0
253,Jalen McDaniels,CHA,24,1.0,1.6,66.7,0.4,0.9,44.9,0.1,0.3,28.6,0.1,0.4,35.0,0.1,0.4,33.3,0.3,0.8,34.1,0.5,1.2,41.5
254,Jalen Smith,IND,22,1.8,2.5,72.6,0.6,1.4,44.9,0.3,0.7,42.9,0.1,0.4,18.8,0.1,0.4,27.8,0.2,0.7,23.5,0.6,1.7,36.4
255,Jalen Suggs,ORL,21,2.3,4.0,58.9,0.5,2.1,22.5,0.4,1.3,35.0,0.1,0.4,17.6,0.0,0.2,25.0,0.1,0.5,20.0,0.8,3.5,21.8
256,James Bouknight,CHA,21,1.0,2.1,47.4,0.1,1.0,11.5,0.1,0.3,22.2,0.0,0.4,12.5,0.2,0.2,75.0,0.2,0.5,33.3,0.4,1.2,35.1
257,James Ennis III,DEN,31,1.1,2.1,53.3,0.0,0.0,0.0,0.0,0.1,0.0,0.0,0.0,0.0,0.0,0.2,0.0,0.0,0.2,0.0,0.4,1.0,42.9
258,James Harden,PHI,32,2.4,4.3,55.7,1.3,3.3,38.5,0.3,0.8,41.2,0.0,0.1,33.3,0.1,0.3,27.8,0.1,0.4,29.6,2.2,6.5,33.3
259,James Johnson,BKN,35,1.6,2.7,61.4,0.3,0.7,38.6,0.0,0.2,16.7,0.1,0.2,38.5,0.1,0.4,22.7,0.2,0.6,28.6,0.2,0.8,26.0
260,Jamorko Pickett,DET,24,0.2,0.2,66.7,0.3,0.6,42.9,0.0,0.1,0.0,0.2,0.7,28.6,0.3,0.7,37.5,0.5,1.4,33.3,0.6,1.8,33.3
261,Jared Butler,UTA,21,0.3,0.4,66.7,0.3,0.9,37.5,0.3,0.4,69.2,0.0,0.2,20.0,0.1,0.2,33.3,0.1,0.3,27.3,0.6,1.9,32.9
262,Jared Harper,NOP,24,0.4,1.0,40.0,0.6,0.8,75.0,1.0,1.3,80.0,0.0,0.0,0.0,0.3,0.3,100,0.3,0.3,100,0.8,2.2,36.4
263,Jaren Jackson Jr.,MEM,22,2.2,3.8,57.8,1.6,4.1,38.4,0.1,0.3,40.9,0.1,0.4,24.2,0.1,0.5,28.2,0.2,0.9,26.4,1.4,4.2,33.2
264,Jarred Vanderbilt,MIN,23,2.6,3.9,67.4,0.2,0.8,31.6,0.0,0.1,0.0,0.0,0.1,28.6,0.0,0.0,0.0,0.0,0.1,20.0,0.0,0.1,0.0
265,Jarrett Allen,CLE,24,5.2,6.7,78.1,1.1,2.3,45.4,0.3,0.5,53.3,0.0,0.1,0.0,0.0,0.0,0.0,0.0,0.1,0.0,0.0,0.1,25.0
266,Jarrett Culver,MEM,23,0.6,1.1,54.8,0.2,0.7,26.9,0.3,0.6,45.0,0.1,0.4,25.0,0.1,0.2,25.0,0.1,0.4,25.0,0.2,0.9,25.7
267,Jarron Cumberland,POR,24,0.3,0.3,100,0.0,0.0,0.0,0.0,0.0,0.0,0.0,0.0,0.0,0.0,0.0,0.0,0.0,0.0,0.0,0.0,0.3,0.0
268,Javin DeLaurier,MIL,24,0.0,0.0,0.0,0.0,0.0,0.0,0.0,0.0,0.0,-,-,-,0.0,0.0,0.0,0.0,0.0,0.0,0.0,0.0,0.0
269,Javonte Green,CHI,28,1.9,2.8,68.7,0.2,0.6,36.8,0.0,0.1,14.3,0.2,0.4,44.0,0.3,0.6,43.2,0.4,1.0,43.5,0.1,0.6,25.0
270,Javonte Smart,MIA,23,0.4,0.9,42.9,0.3,0.9,28.6,0.1,0.3,20.0,0.0,0.1,0.0,0.1,0.2,66.7,0.1,0.3,50.0,0.4,1.4,27.3
271,Jaxson Hayes,NOP,22,2.5,3.3,76.3,0.6,1.3,48.9,0.1,0.3,23.8,0.0,0.1,33.3,0.0,0.2,25.0,0.1,0.3,27.8,0.2,0.5,39.5
272,Jay Huff,LAL,24,0.0,0.0,0.0,0.0,0.3,0.0,0.0,0.0,0.0,0.0,0.0,0.0,0.0,0.0,0.0,0.0,0.0,0.0,0.0,0.5,0.0
273,Jay Scrubb,LAC,21,0.3,0.6,54.5,0.2,0.4,50.0,0.2,0.4,37.5,0.3,0.3,100,0.0,0.1,0.0,0.2,0.3,66.7,0.2,1.1,22.2
274,Jaylen Brown,BOS,25,3.5,4.9,71.7,1.5,3.8,38.4,1.3,2.8,45.9,0.2,0.7,28.3,0.3,0.7,40.0,0.5,1.4,34.1,2.0,5.6,36.5
275,Jaylen Hoard,OKC,23,3.6,5.1,69.4,1.1,3.6,32.0,0.3,0.7,50.0,0.3,0.7,50.0,0.3,0.7,50.0,0.7,1.3,50.0,0.7,2.4,29.4
276,Jaylen Morris,SAS,26,0.0,1.0,0.0,0.0,0.3,0.0,0.0,0.0,0.0,0.0,0.0,0.0,0.0,0.0,0.0,0.0,0.0,0.0,0.0,0.7,0.0
277,Jaylen Nowell,MIN,22,1.0,1.7,61.5,0.8,1.6,48.5,0.4,0.9,42.6,0.1,0.3,44.4,0.1,0.3,46.2,0.2,0.5,45.2,0.8,2.0,38.4
278,Jaysean Paige,DET,27,0.0,0.0,0.0,0.0,0.0,0.0,0.0,1.0,0.0,0.0,0.0,0.0,0.0,0.0,0.0,0.0,0.0,0.0,0.0,2.0,0.0
279,Jayson Tatum,BOS,24,3.8,5.6,68.0,1.2,3.0,40.3,1.3,3.4,37.0,0.2,0.7,29.4,0.2,0.4,54.5,0.4,1.1,39.3,2.6,7.4,35.0
280,Jeff Dowtin Jr.,ORL,25,0.3,0.6,60.0,0.1,0.7,16.7,0.3,0.7,50.0,0.0,0.3,0.0,0.1,0.4,33.3,0.1,0.6,20.0,0.0,0.4,0.0
281,Jeff Green,DEN,35,2.2,2.9,76.3,0.5,1.3,43.6,0.2,0.6,33.3,0.2,0.6,31.0,0.2,0.7,31.4,0.4,1.2,31.2,0.3,1.0,32.9
282,Jemerrio Jones,LAL,27,1.0,1.0,100,0.0,0.5,0.0,0.0,0.0,0.0,0.0,0.0,0.0,0.0,0.0,0.0,0.0,0.0,0.0,0.0,0.0,0.0
283,Jerami Grant,DET,28,2.3,3.7,62.3,0.7,2.0,33.3,1.4,3.8,37.9,0.4,1.1,38.9,0.2,0.9,27.5,0.7,2.0,34.0,1.3,3.4,37.1
284,Jeremiah Robinson-Earl,OKC,21,1.1,2.0,58.3,0.2,0.7,34.3,0.2,0.6,28.6,0.2,0.7,29.0,0.1,0.3,46.7,0.3,0.9,34.8,0.9,2.4,35.3
285,Jeremy Lamb,SAC,30,0.4,0.7,60.5,0.5,1.5,33.7,0.5,1.0,48.2,0.1,0.4,30.4,0.1,0.3,35.7,0.2,0.7,32.4,0.8,2.3,33.3
286,Jericho Sims,NYK,23,0.9,1.2,79.2,0.0,0.1,20.0,0.0,0.0,0.0,0.0,0.0,0.0,0.0,0.0,0.0,0.0,0.0,0.0,0.0,0.0,0.0
287,Jevon Carter,MIL,26,0.1,0.2,37.5,0.1,0.2,46.2,0.3,0.8,37.0,0.3,0.6,45.2,0.2,0.5,48.0,0.4,0.9,46.4,0.6,1.7,35.4
288,Jimmy Butler,MIA,32,3.6,5.4,66.6,1.6,3.7,44.0,1.3,3.4,37.8,0.1,0.4,20.8,0.2,0.5,32.3,0.3,1.0,27.3,0.2,1.0,20.3
289,Jock Landale,SAS,26,1.1,1.6,69.4,0.2,0.4,50.0,0.1,0.2,33.3,0.2,0.4,40.0,0.1,0.2,50.0,0.2,0.5,42.9,0.4,1.3,29.9
290,Joe Harris,BKN,30,0.5,1.2,41.2,0.4,0.9,46.2,0.1,0.4,33.3,0.4,0.9,41.7,0.9,1.1,75.0,1.2,2.0,60.7,1.7,4.3,40.0
291,Joe Ingles,POR,34,0.4,0.6,72.0,0.4,0.7,58.1,0.0,0.1,33.3,0.1,0.4,35.3,0.3,0.8,35.3,0.4,1.1,35.3,1.3,3.8,34.3
292,Joe Johnson,BOS,41,-,-,-,0.0,0.0,0.0,1.0,1.0,100,-,-,-,-,-,-,-,-,-,0.0,0.0,0.0
293,Joe Wieskamp,SAS,22,0.1,0.1,75.0,0.0,0.1,33.3,0.1,0.2,33.3,0.0,0.4,0.0,0.1,0.3,25.0,0.1,0.6,9.1,0.4,1.1,40.6
294,Joel Ayayi,WAS,22,0.0,0.2,0.0,0.2,0.6,33.3,0.0,0.3,0.0,0.0,0.0,0.0,0.0,0.0,0.0,0.0,0.0,0.0,0.0,0.1,0.0
295,Joel Embiid,PHI,28,4.2,5.7,73.5,1.8,4.5,40.3,2.4,5.8,42.2,0.0,0.1,28.6,0.0,0.1,33.3,0.1,0.2,30.8,1.3,3.5,37.6
296,John Collins,ATL,24,3.3,4.6,71.7,1.0,2.2,44.1,0.8,1.8,43.4,0.1,0.3,23.5,0.3,0.8,37.8,0.4,1.1,33.9,0.8,2.1,37.7
297,John Konchar,MEM,26,0.9,1.3,72.5,0.2,0.4,46.4,0.1,0.3,21.1,0.3,0.6,43.2,0.2,0.3,47.6,0.4,0.9,44.8,0.4,0.9,39.4
298,Jon Teske,MEM,25,0.0,0.0,0.0,0.0,0.0,0.0,0.0,0.3,0.0,0.0,0.0,0.0,0.0,0.0,0.0,0.0,0.0,0.0,0.0,0.0,0.0
299,Jonas Valanciunas,NOP,30,3.3,5.0,65.5,2.1,4.0,52.7,0.7,1.5,47.7,0.0,0.0,50.0,0.0,0.0,0.0,0.0,0.0,33.3,0.8,2.1,36.1
300,Jonathan Kuminga,GSW,19,2.1,2.9,73.7,0.5,1.4,35.1,0.1,0.3,40.0,0.1,0.6,21.2,0.1,0.4,39.1,0.2,0.8,28.6,0.5,1.3,36.7
301,Jordan Bell,CHI,27,0.0,0.0,0.0,0.0,0.0,0.0,0.0,0.0,0.0,-,-,-,-,-,-,-,-,-,0.0,0.0,0.0
302,Jordan Clarkson,UTA,30,1.3,2.1,60.8,1.9,3.6,51.7,0.3,0.8,41.9,0.4,1.0,36.4,0.2,0.6,31.8,0.5,1.5,34.7,1.9,6.0,31.2
303,Jordan Goodwin,WAS,23,0.0,0.5,0.0,0.0,0.0,0.0,0.0,0.5,0.0,-,-,-,0.0,0.0,0.0,0.0,0.0,0.0,0.0,0.5,0.0
304,Jordan McLaughlin,MIN,26,0.7,1.1,63.2,0.2,0.7,33.3,0.1,0.1,62.5,0.2,0.4,55.0,0.1,0.2,45.5,0.3,0.5,51.6,0.2,0.8,21.6
305,Jordan Nwora,MIL,23,1.0,1.7,61.9,0.3,0.8,39.2,0.4,1.3,27.8,0.3,0.7,45.9,0.1,0.6,21.9,0.4,1.2,34.8,0.9,2.5,34.8
306,Jordan Poole,GSW,23,1.9,2.8,66.2,1.0,2.1,49.1,0.6,1.4,42.6,0.2,0.7,28.0,0.3,0.6,43.5,0.4,1.3,35.4,2.3,6.3,36.5
307,Jordan Schakel,WAS,24,0.0,0.3,0.0,0.0,0.8,0.0,0.0,0.3,0.0,0.0,0.3,0.0,0.0,0.0,0.0,0.0,0.3,0.0,0.3,1.3,20.0
308,Jose Alvarado,NOP,24,0.9,1.5,57.8,0.7,1.4,52.8,0.2,0.5,44.8,0.1,0.3,46.2,0.1,0.3,21.4,0.2,0.5,33.3,0.4,1.5,28.0
309,Josh Christopher,HOU,20,1.5,2.4,63.2,0.7,1.5,45.5,0.1,0.4,29.6,0.2,0.4,42.3,0.1,0.4,24.0,0.2,0.7,33.3,0.5,1.8,29.5
310,Josh Giddey,OKC,19,2.0,3.4,57.9,1.7,3.9,45.0,0.5,1.2,37.9,0.1,0.6,24.2,0.1,0.2,60.0,0.3,0.8,32.6,0.8,3.1,24.9
311,Josh Green,DAL,21,1.1,1.5,72.5,0.3,0.7,39.6,0.1,0.4,32.1,0.2,0.4,42.3,0.2,0.5,39.3,0.3,0.9,40.7,0.1,0.4,26.1
312,Josh Hart,POR,27,3.1,4.6,68.3,0.5,1.2,40.3,0.4,0.8,44.2,0.3,0.4,61.9,0.2,0.3,50.0,0.4,0.7,56.8,1.0,3.3,29.5
313,Josh Jackson,SAC,25,1.1,1.7,65.9,0.3,0.8,39.5,0.3,0.9,31.8,0.1,0.4,17.6,0.1,0.4,23.5,0.1,0.7,20.6,0.5,1.9,27.1
314,Josh Okogie,MIN,23,0.6,1.1,55.1,0.0,0.1,14.3,0.0,0.0,0.0,0.0,0.3,14.3,0.1,0.3,30.0,0.1,0.6,20.8,0.2,0.5,39.1
315,Josh Richardson,SAS,28,0.7,1.2,58.8,0.6,1.7,37.2,0.7,1.5,44.8,0.2,0.5,41.2,0.1,0.2,50.0,0.3,0.8,43.8,1.2,3.0,41.3
316,Joshua Primo,SAS,19,0.7,1.3,56.3,0.4,1.0,36.2,0.1,0.5,27.3,0.3,0.7,36.7,0.0,0.4,10.5,0.3,1.1,26.5,0.6,1.7,33.3
317,Jrue Holiday,MIL,32,2.4,3.9,61.8,1.6,3.4,46.9,1.2,2.2,54.0,0.1,0.3,30.0,0.1,0.2,40.0,0.2,0.5,34.3,1.8,4.3,42.1
318,Juan Toscano-Anderson,GSW,29,1.0,1.5,66.3,0.3,0.6,45.2,0.0,0.1,20.0,0.1,0.2,23.1,0.1,0.2,30.0,0.1,0.3,26.1,0.3,0.9,34.9
319,Juancho Hernangomez,UTA,26,0.5,0.8,62.1,0.1,0.2,25.0,0.0,0.0,0.0,0.2,0.5,35.7,0.2,0.5,42.9,0.3,0.8,39.3,0.3,1.1,31.7
320,Julius Randle,NYK,27,2.9,4.9,59.4,1.1,2.8,40.3,1.4,4.2,33.3,0.1,0.4,34.5,0.1,0.3,22.7,0.2,0.7,29.4,1.5,4.7,31.0
321,Justin Anderson,IND,28,0.7,1.1,68.8,0.3,0.5,50.0,0.4,0.8,50.0,0.6,1.1,53.8,0.1,0.5,12.5,0.5,1.4,38.1,0.4,2.4,18.4
322,Justin Champagnie,TOR,21,0.6,0.9,61.3,0.1,0.2,28.6,0.0,0.0,0.0,0.1,0.4,20.0,0.1,0.3,50.0,0.2,0.5,31.3,0.1,0.3,41.7
323,Justin Holiday,SAC,33,0.7,1.2,55.7,0.1,0.3,31.8,0.4,1.0,39.4,0.4,0.9,40.6,0.4,1.1,36.7,0.7,1.9,38.5,1.6,4.6,36.2
324,Justin Jackson,PHX,27,0.0,0.0,0.0,0.3,0.6,50.0,0.0,0.3,0.0,0.3,0.3,100,0.0,0.0,0.0,0.2,0.2,100,0.3,1.1,25.0
325,Justin Robinson,DET,24,0.2,0.3,62.5,0.1,0.4,20.0,0.1,0.6,21.4,0.1,0.3,33.3,0.2,0.5,40.0,0.3,0.7,37.5,0.5,1.7,27.9
326,Justise Winslow,POR,26,1.4,2.1,64.1,0.5,1.4,35.8,0.1,0.4,23.8,0.1,0.3,28.6,0.1,0.3,15.4,0.1,0.6,22.2,0.2,0.8,24.3
327,Jusuf Nurkic,POR,27,4.1,6.6,63.2,1.2,2.6,43.9,0.2,0.5,30.0,0.0,0.0,0.0,0.0,0.0,100,0.0,0.0,100,0.3,1.0,25.9
328,Juwan Morgan,BOS,25,0.5,0.5,100,0.0,0.0,0.0,0.0,0.0,0.0,0.0,0.0,0.0,0.0,0.0,0.0,0.0,0.0,0.0,0.5,1.0,50.0
329,KZ Okpala,MIA,23,0.8,1.3,57.7,0.3,0.7,38.5,0.1,0.2,25.0,0.3,0.7,50.0,0.1,0.3,50.0,0.4,0.8,50.0,0.1,0.5,10.0
330,Kai Jones,CHA,21,0.4,0.4,100,0.0,0.2,0.0,0.0,0.1,0.0,0.1,0.1,100,0.0,0.0,0.0,0.1,0.1,100,0.0,0.1,0.0
331,Karl-Anthony Towns,MIN,26,4.2,6.2,67.8,1.9,3.6,51.3,0.6,1.6,35.5,0.1,0.2,35.3,0.1,0.2,35.3,0.2,0.5,35.3,1.9,4.5,41.7
332,Keifer Sykes,IND,28,0.9,1.3,67.6,0.2,0.6,29.4,0.4,1.5,26.1,0.2,0.4,50.0,0.2,0.6,33.3,0.4,0.9,40.7,0.5,2.0,25.4
333,Keita Bates-Diop,SAS,26,1.7,2.6,66.0,0.2,0.7,32.5,0.1,0.3,38.9,0.1,0.2,36.4,0.1,0.3,28.6,0.1,0.5,32.0,0.2,0.5,30.0
334,Kelan Martin,BOS,26,0.9,1.5,62.2,0.2,0.7,25.0,0.5,1.1,48.4,0.3,0.5,53.8,0.2,0.6,35.7,0.4,1.0,44.4,0.3,1.6,21.3
335,Keldon Johnson,SAS,22,2.3,3.8,61.8,1.5,3.5,42.3,0.3,0.9,38.8,0.4,0.7,50.9,0.3,0.6,46.3,0.6,1.3,48.9,1.5,4.1,37.2
336,Keljin Blevins,POR,26,0.3,0.8,37.5,0.1,0.2,28.6,0.1,0.3,25.0,0.1,0.5,25.0,0.1,0.5,16.7,0.2,0.9,20.8,0.5,1.5,33.3
337,Kelly Olynyk,DET,31,1.7,2.6,62.9,0.3,0.8,32.3,0.3,0.8,38.7,0.0,0.1,50.0,0.1,0.1,100,0.1,0.1,80.0,0.9,2.8,31.9
338,Kelly Oubre Jr.,CHA,26,2.2,3.2,67.8,0.6,1.3,44.1,0.1,0.5,27.0,0.3,1.0,33.8,0.5,1.4,33.7,0.8,2.3,33.7,1.7,4.9,35.3
339,Kemba Walker,NYK,32,0.8,1.8,46.2,0.7,1.4,50.0,0.5,1.5,36.4,0.1,0.1,100,0.1,0.2,50.0,0.1,0.2,62.5,1.8,5.1,35.8
340,Kenrich Williams,OKC,27,1.3,2.0,63.3,0.5,1.2,42.4,0.4,0.8,46.2,0.2,0.6,33.3,0.1,0.3,40.0,0.3,0.9,35.6,0.5,1.5,33.3
341,Kent Bazemore,LAL,32,0.2,0.7,34.6,0.1,0.4,28.6,0.1,0.5,15.0,0.1,0.6,22.2,0.5,0.9,52.0,0.5,1.3,39.5,0.3,0.9,35.3
342,Kentavious Caldwell-Pope,WAS,29,1.0,1.5,64.4,0.4,1.3,30.6,1.2,2.7,46.8,0.5,1.1,45.9,0.4,0.9,43.9,0.9,2.0,45.0,1.2,3.3,35.4
343,Kenyon Martin Jr.,HOU,21,2.5,3.7,66.7,0.3,0.8,39.7,0.0,0.0,0.0,0.1,0.4,25.8,0.1,0.2,33.3,0.2,0.6,28.3,0.6,1.5,38.8
344,Keon Johnson,POR,20,1.3,2.5,49.5,0.4,1.3,31.3,0.1,0.9,6.3,0.0,0.3,10.0,0.1,0.3,25.0,0.1,0.5,16.7,0.9,2.3,37.3
345,Kessler Edwards,BKN,21,0.8,1.6,47.4,0.3,0.6,44.4,0.3,0.6,48.3,0.4,0.8,43.6,0.1,0.6,25.0,0.5,1.3,36.5,0.5,1.5,35.2
346,Kevin Durant,BKN,33,1.7,2.4,72.0,2.6,5.0,51.4,4.1,7.4,55.5,0.1,0.1,42.9,0.2,0.3,62.5,0.2,0.4,56.5,1.9,5.0,36.8
347,Kevin Huerter,ATL,23,0.9,1.4,62.4,1.0,2.0,51.0,0.6,1.4,46.6,0.3,0.7,47.9,0.4,1.0,40.0,0.7,1.6,43.2,1.5,3.9,37.5
348,Kevin Knox II,ATL,22,0.4,0.5,81.3,0.1,0.3,25.0,0.0,0.3,14.3,0.1,0.3,16.7,0.5,1.0,50.0,0.3,0.8,38.9,0.3,1.2,22.9
349,Kevin Love,CLE,33,0.9,1.3,67.0,0.5,1.0,45.3,0.6,1.5,36.6,0.2,0.7,32.7,0.2,0.4,43.3,0.4,1.1,36.6,2.1,5.3,39.8
350,Kevin Pangos,CLE,29,0.1,0.2,60.0,0.2,0.5,41.7,0.0,0.1,33.3,0.0,0.1,0.0,0.0,0.0,0.0,0.0,0.1,0.0,0.3,1.1,24.0
351,Kevin Porter Jr.,HOU,22,1.9,3.3,57.8,0.6,1.8,31.5,0.4,1.3,33.8,0.2,0.4,47.8,0.2,0.4,45.5,0.3,0.7,46.7,2.2,6.0,36.4
352,Kevon Looney,GSW,26,2.1,3.1,68.5,0.3,0.7,39.3,0.1,0.6,23.5,0.0,0.0,0.0,0.0,0.0,0.0,0.0,0.0,0.0,0.0,0.0,0.0
353,Khem Birch,TOR,29,0.9,1.6,59.1,0.8,1.6,46.6,0.1,0.2,33.3,0.0,0.1,0.0,0.0,0.1,0.0,0.0,0.2,0.0,0.0,0.0,0.0
354,Khris Middleton,MIL,30,1.3,2.0,66.2,1.2,2.7,42.5,1.9,4.2,46.0,0.2,0.5,32.4,0.1,0.2,50.0,0.3,0.8,38.0,2.2,5.8,37.2
355,Killian Hayes,DET,20,1.0,1.6,61.0,0.7,1.8,39.5,0.3,1.0,30.9,0.2,0.5,37.5,0.1,0.5,26.7,0.3,0.9,32.3,0.4,1.6,22.9
356,Killian Tillie,MEM,24,0.3,0.6,60.0,0.0,0.3,8.3,0.1,0.3,33.3,0.2,0.5,40.0,0.0,0.4,9.1,0.2,0.8,26.9,0.6,1.7,33.3
357,Kira Lewis Jr.,NOP,21,1.2,1.8,69.0,0.5,1.2,46.4,0.2,0.8,22.2,0.2,0.3,50.0,0.0,0.4,12.5,0.2,0.6,28.6,0.4,1.7,22.0
358,Klay Thompson,GSW,32,1.2,1.6,72.5,1.0,2.6,39.3,2.0,4.5,43.8,0.4,0.7,56.5,0.2,0.9,17.9,0.6,1.6,35.3,3.0,7.6,39.3
359,Kris Dunn,POR,28,1.4,2.4,58.8,1.4,3.1,43.2,0.3,0.9,30.8,0.0,0.0,0.0,0.0,0.0,0.0,0.0,0.0,0.0,0.1,0.8,9.1
360,Kristaps Porzingis,WAS,26,2.6,3.7,71.4,1.4,3.2,45.1,1.3,3.2,40.2,0.0,0.1,33.3,0.0,0.1,33.3,0.1,0.2,33.3,1.5,4.7,31.0
361,Kyle Anderson,MEM,28,1.3,2.2,59.9,1.0,2.4,41.7,0.2,0.7,31.1,0.2,0.4,44.4,0.1,0.3,38.1,0.3,0.7,41.7,0.2,0.9,26.2
362,Kyle Guy,MIA,24,0.4,0.6,60.0,0.1,0.5,11.1,0.4,0.4,83.3,0.1,0.2,50.0,0.3,0.5,50.0,0.3,0.6,50.0,0.5,1.6,30.0
363,Kyle Kuzma,WAS,26,2.3,3.2,71.7,1.5,3.4,43.2,0.7,1.9,37.4,0.3,0.8,32.7,0.2,0.6,35.1,0.5,1.3,33.7,1.5,4.3,34.2
364,Kyle Lowry,MIA,36,1.1,1.6,69.4,0.4,0.9,43.1,0.6,1.4,43.8,0.3,0.7,37.8,0.1,0.3,56.3,0.4,1.0,42.6,1.9,5.0,37.2
365,Kyrie Irving,BKN,30,1.9,2.8,67.9,2.5,4.8,52.2,2.1,5.4,39.2,0.2,0.5,42.9,0.3,0.8,40.9,0.5,1.2,41.7,2.9,7.0,41.9
366,LaMarcus Aldridge,BKN,36,1.6,2.2,69.5,1.1,2.1,49.5,2.4,4.4,55.8,0.0,0.2,12.5,0.1,0.1,50.0,0.1,0.3,28.6,0.2,0.7,31.3
367,LaMelo Ball,CHA,20,2.3,4.2,54.0,1.3,3.2,40.7,0.7,1.8,37.6,0.3,0.6,40.4,0.3,0.6,44.2,0.5,1.2,42.2,2.4,6.3,38.5
368,Lamar Stevens,CLE,24,1.5,2.2,69.3,0.4,1.1,32.4,0.3,0.8,44.0,0.1,0.3,33.3,0.1,0.4,20.0,0.2,0.7,26.3,0.1,0.4,26.9
369,Lance Stephenson,IND,31,1.4,2.1,64.9,0.4,0.8,48.6,0.9,2.2,39.6,0.1,0.2,42.9,0.1,0.3,30.0,0.1,0.4,35.3,0.5,1.6,28.8
370,Landry Shamet,PHX,25,0.4,0.8,52.6,0.3,0.7,38.8,0.3,0.7,43.5,0.4,0.9,45.0,0.2,0.7,31.9,0.6,1.6,39.3,1.2,3.2,35.7
371,Langston Galloway,MIL,30,0.1,0.4,33.3,0.3,0.4,66.7,0.1,0.6,25.0,0.0,0.4,0.0,0.0,0.5,0.0,0.0,0.9,0.0,0.3,1.4,20.0
372,Larry Nance Jr.,NOP,29,1.8,2.6,69.2,0.4,1.0,40.9,0.1,0.3,38.5,0.1,0.3,33.3,0.1,0.2,40.0,0.2,0.5,36.4,0.3,1.0,31.9
373,Lauri Markkanen,CLE,25,2.0,3.0,64.7,0.7,1.6,43.8,0.3,0.7,38.6,0.3,0.7,45.5,0.2,0.6,28.9,0.5,1.3,37.8,1.7,4.9,35.0
374,LeBron James,LAL,37,6.5,8.6,75.3,0.7,1.9,36.1,1.4,3.3,42.4,0.1,0.3,40.0,0.1,0.4,23.8,0.2,0.6,30.6,2.7,7.4,36.4
375,Leandro Bolmaro,MIN,21,0.3,0.6,50.0,0.1,0.3,22.2,0.0,0.3,0.0,0.0,0.1,0.0,0.0,0.1,33.3,0.0,0.2,25.0,0.1,0.3,33.3
376,Lindell Wigginton,MIL,24,0.9,1.6,58.3,0.2,0.7,30.0,0.0,0.1,0.0,0.5,0.6,83.3,0.0,0.2,0.0,0.4,0.6,62.5,0.3,1.1,22.2
377,Lindy Waters III,OKC,24,0.4,0.6,71.4,0.2,0.4,54.5,0.1,0.2,60.0,0.3,1.2,23.1,0.3,0.6,41.7,0.5,1.7,28.9,1.6,4.3,38.3
378,Lonnie Walker IV,SAS,23,1.4,2.3,63.5,0.5,1.2,43.5,0.9,2.4,37.9,0.1,0.4,28.6,0.3,0.7,42.2,0.4,1.0,37.0,1.2,3.9,30.0
379,Lonzo Ball,CHI,24,1.0,1.7,59.0,0.3,0.8,33.3,0.2,1.0,20.0,0.6,1.1,52.6,0.3,0.7,41.7,0.9,1.8,48.4,2.3,5.6,40.8
380,Lou Williams,ATL,35,0.4,0.7,48.8,0.5,1.5,34.9,0.7,1.7,41.1,0.2,0.5,46.2,0.1,0.3,40.0,0.3,0.7,43.9,0.3,1.1,31.7
381,Louis King,SAC,23,0.1,0.2,50.0,0.2,0.8,25.0,0.4,1.2,36.4,0.3,0.9,33.3,0.1,0.3,50.0,0.4,1.1,37.5,0.5,1.8,27.8
382,Luguentz Dort,OKC,23,1.9,3.5,54.7,1.0,2.4,44.2,0.2,0.7,32.4,0.2,0.5,38.5,0.3,0.7,47.1,0.5,1.2,43.3,2.0,6.5,31.5
383,Luka Doncic,DAL,23,2.5,3.4,73.8,3.0,6.1,49.2,1.2,3.3,37.7,0.1,0.3,33.3,0.0,0.2,20.0,0.1,0.5,29.0,3.0,8.2,35.8
384,Luka Garza,DET,23,1.1,1.8,63.2,0.3,0.6,42.1,0.2,0.7,27.3,0.0,0.1,0.0,0.0,0.0,0.0,0.0,0.1,0.0,0.5,1.4,34.8
385,Luke Kennard,LAC,26,0.4,0.7,52.9,0.5,1.0,45.2,0.5,1.3,40.2,0.2,0.4,44.4,0.3,0.5,48.6,0.4,0.9,46.9,2.3,5.1,44.6
386,Luke Kornet,BOS,26,0.8,1.2,64.7,0.2,0.3,50.0,0.0,0.1,0.0,0.0,0.0,0.0,0.0,0.0,0.0,0.0,0.0,0.0,0.0,0.3,0.0
387,MJ Walker,PHX,24,0.0,1.0,0.0,0.0,0.5,0.0,0.0,0.0,0.0,0.0,1.0,0.0,0.0,0.0,0.0,0.0,1.0,0.0,0.0,0.5,0.0
388,Mac McClung,LAL,23,0.5,1.0,50.0,0.0,0.0,0.0,0.5,0.5,100,0.0,0.0,0.0,0.0,0.0,0.0,0.0,0.0,0.0,0.5,1.5,33.3
389,Malachi Flynn,TOR,24,0.4,0.7,60.0,0.3,0.6,40.7,0.3,0.9,36.1,0.1,0.2,50.0,0.2,0.2,100,0.3,0.4,71.4,0.5,1.8,27.0
390,Malcolm Brogdon,IND,29,3.3,5.6,59.5,0.9,2.0,47.2,0.9,2.4,37.6,0.3,0.6,45.0,0.1,0.3,16.7,0.3,0.9,34.4,1.3,4.3,30.7
391,Malcolm Hill,CHI,26,0.2,0.3,66.7,0.3,0.4,66.7,0.2,0.3,60.0,0.3,0.5,66.7,0.3,0.5,60.0,0.5,0.8,63.6,0.3,1.3,25.0
392,Malik Beasley,MIN,25,0.6,1.1,55.3,0.3,0.7,35.6,0.3,0.9,32.4,0.6,1.5,42.5,0.4,1.1,37.8,1.1,2.7,40.5,2.0,5.3,37.0
393,Malik Fitts,BOS,24,0.2,0.4,60.0,0.0,0.2,0.0,0.0,0.1,0.0,0.3,0.6,60.0,0.0,0.0,0.0,0.3,0.5,60.0,0.1,0.3,25.0
394,Malik Monk,LAL,24,2.1,3.1,66.7,0.6,1.3,44.4,0.2,0.7,35.3,0.2,0.5,36.8,0.3,0.6,44.2,0.4,1.1,40.7,1.8,4.8,38.8
395,Malik Newman,CLE,25,1.0,1.0,100,0.0,0.0,0.0,2.0,3.0,66.7,-,-,-,0.0,0.0,0.0,0.0,0.0,0.0,0.0,1.0,0.0
396,Mamadi Diakite,OKC,25,1.1,1.8,60.9,0.8,1.2,62.5,0.1,0.2,33.3,0.0,0.0,0.0,0.0,0.2,0.0,0.0,0.2,0.0,0.0,0.2,0.0
397,Marcus Garrett,MIA,23,0.2,1.1,16.7,0.1,0.3,33.3,0.1,0.2,50.0,0.0,0.2,0.0,0.0,0.0,0.0,0.0,0.2,0.0,0.1,0.2,50.0
398,Marcus Morris Sr.,LAC,32,0.5,0.8,55.6,1.3,2.6,48.2,2.0,4.3,46.1,0.3,1.0,34.6,0.1,0.2,50.0,0.4,1.2,37.5,1.4,3.9,36.7
399,Marcus Smart,BOS,28,1.3,2.1,62.9,1.1,2.4,46.7,0.1,0.6,22.0,0.3,0.8,33.9,0.2,0.5,42.4,0.5,1.3,37.1,1.2,3.8,31.7
400,Markelle Fultz,ORL,24,2.3,3.2,72.4,0.8,2.4,31.8,1.3,3.1,41.1,0.1,0.1,50.0,0.0,0.0,0.0,0.1,0.1,50.0,0.2,0.7,25.0
401,Markieff Morris,MIA,32,0.9,1.3,68.2,0.6,1.1,61.1,0.9,2.1,42.9,0.3,0.8,38.5,0.1,0.4,33.3,0.4,1.1,36.8,0.4,1.2,30.0
402,Marko Simonovic,CHI,22,0.4,0.8,50.0,0.0,0.3,0.0,0.0,0.3,0.0,0.0,0.0,0.0,0.0,0.0,0.0,0.0,0.0,0.0,0.1,0.6,20.0
403,Markus Howard,DEN,23,0.2,0.5,33.3,0.2,0.3,44.4,0.1,0.5,30.0,0.2,0.5,37.5,0.3,0.5,66.7,0.4,0.8,52.9,0.6,1.8,35.8
404,Marquese Chriss,DAL,24,1.4,2.5,55.3,0.2,0.6,23.8,0.1,0.1,66.7,0.0,0.2,25.0,0.0,0.0,100,0.1,0.2,40.0,0.2,0.6,31.6
405,Marvin Bagley III,DET,23,2.8,3.9,73.0,1.2,2.8,43.2,0.2,0.7,31.3,0.1,0.6,23.1,0.1,0.5,19.0,0.2,1.0,21.3,0.3,1.0,26.5
406,Mason Jones,LAL,23,1.0,2.0,50.0,0.5,0.5,100.0,0.0,0.3,0.0,0.0,0.0,0.0,0.0,0.0,0.0,0.0,0.0,0.0,0.3,1.0,25.0
407,Mason Plumlee,CHA,32,2.5,3.5,73.1,0.2,0.8,28.8,0.0,0.1,50.0,0.0,0.0,0.0,0.0,0.0,0.0,0.0,0.0,0.0,0.0,0.0,0.0
408,Matisse Thybulle,PHI,25,1.5,2.0,75.4,0.1,0.3,33.3,0.0,0.1,0.0,0.3,0.5,51.4,0.1,0.6,23.1,0.4,1.1,36.5,0.3,1.1,25.7
409,Matt Mooney,NYK,27,0.0,0.0,0.0,0.0,0.0,0.0,-,-,-,-,-,-,-,-,-,-,-,-,0.0,1.0,0.0
410,Matt Ryan,BOS,25,0.0,0.0,0.0,0.0,0.0,0.0,0.0,0.0,0.0,1.0,2.0,50.0,0.0,0.0,0.0,1.0,2.0,50.0,0.0,3.0,0.0
411,Matt Thomas,CHI,27,0.0,0.0,100,0.0,0.2,0.0,0.5,0.9,54.3,0.2,0.5,46.7,0.2,0.3,50.0,0.3,0.7,47.8,0.6,1.8,35.3
412,Maurice Harkless,SAC,29,0.9,1.3,70.5,0.2,0.3,53.3,0.0,0.1,25.0,0.2,0.7,23.1,0.4,0.9,43.2,0.5,1.5,34.9,0.2,0.8,23.7
413,Max Strus,MIA,26,0.8,1.3,62.9,0.1,0.3,38.1,0.1,0.2,33.3,0.5,1.0,49.3,0.4,0.8,49.1,0.9,1.8,49.2,1.8,4.7,37.9
414,Maxi Kleber,DAL,30,0.9,1.1,78.5,0.1,0.3,21.1,0.1,0.3,20.0,0.1,0.5,29.6,0.2,0.6,35.3,0.3,1.0,32.8,1.1,3.3,32.6
415,McKinley Wright IV,MIN,23,0.0,0.0,0.0,0.2,0.2,100.0,0.0,0.0,0.0,0.0,0.0,0.0,0.0,0.0,0.0,0.0,0.0,0.0,0.2,0.4,50.0
416,Melvin Frazier Jr.,OKC,25,3.7,6.3,57.9,0.3,2.7,12.5,0.0,0.3,0.0,0.3,3.3,10.0,0.0,1.7,0.0,0.3,5.0,6.7,0.0,1.7,0.0
417,Micah Potter,DET,24,1.3,2.3,57.1,0.0,0.3,0.0,0.3,0.3,100,0.0,0.0,0.0,0.0,0.0,0.0,0.0,0.0,0.0,0.0,0.7,0.0
418,Michael Porter Jr.,DEN,24,1.6,2.6,60.9,0.3,1.1,30.0,1.1,2.4,45.5,0.0,0.3,0.0,0.0,0.3,0.0,0.0,0.6,0.0,1.1,4.8,23.3
419,Mikal Bridges,PHX,25,2.2,2.8,78.9,1.5,2.5,57.7,0.5,1.3,37.7,0.3,0.9,33.8,0.6,1.3,43.1,0.9,2.2,39.4,0.5,1.6,33.3
420,Mike Conley,UTA,34,0.7,1.3,53.1,1.5,3.3,45.8,0.2,0.6,34.1,0.1,0.3,52.6,0.2,0.7,33.3,0.4,1.0,38.6,2.0,4.8,41.4
421,Mike Muscala,OKC,30,0.6,0.9,65.0,0.2,0.4,47.1,0.2,0.7,32.1,0.2,0.5,35.0,0.1,0.3,33.3,0.2,0.7,34.5,1.4,3.1,44.8
422,Miles Bridges,CHA,24,4.3,6.3,68.4,0.9,2.3,40.1,0.3,0.8,37.7,0.3,0.9,35.1,0.2,0.7,32.2,0.6,1.7,33.8,1.4,4.1,33.2
423,Miles McBride,NYK,21,0.2,0.4,56.3,0.1,0.3,20.0,0.2,0.5,33.3,0.1,0.5,27.3,0.1,0.3,50.0,0.2,0.6,35.3,0.3,1.3,20.0
424,Mitchell Robinson,NYK,24,3.5,4.6,77.0,0.1,0.2,50.0,0.0,0.0,0.0,0.0,0.0,0.0,0.0,0.0,0.0,0.0,0.0,0.0,0.0,0.0,0.0
425,Miye Oni,UTA,24,0.1,0.1,100,0.0,0.0,0.0,0.0,0.0,0.0,0.0,0.8,0.0,0.2,0.4,50.0,0.1,0.9,16.7,0.0,0.1,0.0
426,Mo Bamba,ORL,24,2.0,2.9,70.4,0.4,0.9,37.9,0.3,0.9,29.7,0.1,0.4,33.3,0.2,0.7,29.8,0.3,1.1,31.2,1.2,2.9,40.7
427,Monte Morris,DEN,27,1.4,2.1,67.5,0.7,1.4,47.6,1.2,2.6,47.4,0.4,0.8,49.1,0.2,0.7,28.8,0.6,1.5,39.4,1.1,2.7,39.5
428,Montrezl Harrell,CHA,28,4.1,5.5,74.9,0.6,1.4,44.4,0.3,0.7,38.5,0.0,0.0,100,0.0,0.0,0.0,0.0,0.0,50.0,0.0,0.2,23.1
429,Moritz Wagner,ORL,25,1.9,2.5,75.8,0.2,0.5,36.4,0.0,0.1,0.0,0.1,0.2,30.8,0.1,0.2,50.0,0.2,0.4,40.0,0.9,2.8,32.0
430,Moses Brown,CLE,22,1.4,2.3,62.9,0.2,0.4,47.1,0.0,0.1,0.0,0.0,0.0,0.0,0.0,0.0,0.0,0.0,0.0,0.0,0.0,0.0,0.0
431,Moses Moody,GSW,20,0.6,0.9,64.4,0.1,0.3,42.9,0.1,0.3,35.7,0.2,0.7,26.1,0.1,0.4,26.7,0.2,0.9,26.3,0.6,1.4,41.7
432,Moses Wright,DAL,23,0.3,0.3,100,0.0,0.3,0.0,0.0,0.3,0.0,0.0,0.0,0.0,0.0,0.5,0.0,0.0,0.5,0.0,0.0,0.0,0.0
433,Mychal Mulder,MIA,28,0.3,0.7,41.7,0.1,0.4,14.3,0.1,0.3,25.0,0.4,0.9,38.5,0.1,0.1,100,0.4,0.8,42.9,0.6,2.4,27.5
434,Myles Powell,PHI,24,0.4,0.5,66.7,0.0,0.3,0.0,0.0,0.2,0.0,0.0,0.0,0.0,0.0,0.0,0.0,0.0,0.0,0.0,0.1,0.5,16.7
435,Myles Turner,IND,26,2.1,2.8,75.0,1.0,1.8,55.8,0.2,0.4,52.9,0.1,0.4,26.7,0.2,0.5,35.0,0.3,0.8,31.4,1.2,3.5,33.8
436,Naji Marshall,NOP,24,1.1,1.9,57.4,0.5,0.9,56.3,0.1,0.3,18.8,0.0,0.4,11.1,0.1,0.4,21.1,0.1,0.7,16.2,0.3,1.3,22.4
437,Nassir Little,POR,22,1.7,2.5,67.9,0.3,0.7,38.7,0.2,0.6,41.7,0.2,0.4,38.9,0.2,0.6,36.0,0.4,1.0,37.2,0.8,2.6,31.5
438,Nate Hinton,IND,23,0.0,0.0,0.0,0.0,0.5,0.0,0.0,0.0,0.0,-,-,-,-,-,-,-,-,-,0.0,0.0,0.0
439,Nathan Knight,MIN,24,1.1,1.7,61.0,0.2,0.5,31.3,0.0,0.0,0.0,0.0,0.0,100,0.0,0.1,33.3,0.1,0.1,50.0,0.1,0.3,22.2
440,Naz Reid,MIN,22,1.9,2.9,65.8,0.4,1.1,33.7,0.0,0.0,0.0,0.1,0.3,45.0,0.1,0.3,52.6,0.2,0.5,48.7,0.5,1.6,29.9
441,Neemias Queta,SAC,22,0.9,1.7,55.0,0.5,0.9,54.5,0.0,0.5,0.0,0.0,0.0,0.0,0.0,0.0,0.0,0.0,0.0,0.0,0.0,0.0,0.0
442,Nemanja Bjelica,GSW,34,1.0,1.5,68.3,0.4,1.0,37.8,0.1,0.2,46.7,0.0,0.1,30.0,0.1,0.2,50.0,0.1,0.3,40.0,0.6,1.8,35.7
443,Nerlens Noel,NYK,28,0.8,1.3,57.6,0.4,0.7,52.9,0.2,0.3,57.1,0.0,0.0,0.0,0.0,0.0,0.0,0.0,0.1,0.0,0.0,0.0,0.0
444,Nic Claxton,BKN,23,3.5,4.4,78.4,0.3,1.1,25.9,0.0,0.0,50.0,0.0,0.0,0.0,0.0,0.0,0.0,0.0,0.0,0.0,0.0,0.0,0.0
445,Nick Richards,CHA,24,1.0,1.4,70.4,0.2,0.4,47.1,0.0,0.0,100,0.0,0.0,0.0,0.0,0.0,0.0,0.0,0.0,0.0,0.0,0.0,0.0
446,Nickeil Alexander-Walker,UTA,23,1.5,2.9,52.9,0.5,1.4,33.7,0.3,1.1,30.6,0.2,0.7,30.4,0.3,0.6,41.0,0.5,1.3,35.3,1.1,3.8,29.4
447,Nicolas Batum,LAC,33,0.7,0.9,78.8,0.1,0.2,35.7,0.4,0.9,49.0,0.3,0.6,48.6,0.5,0.9,49.1,0.7,1.5,48.9,1.1,3.1,35.6
448,Nik Stauskas,BOS,28,0.0,0.1,0.0,0.0,0.0,0.0,0.2,0.5,33.3,0.2,0.3,50.0,0.4,0.6,66.7,0.5,0.8,60.0,0.1,0.6,20.0
449,Nikola Jokic,DEN,27,4.7,6.6,71.9,3.4,5.5,60.9,0.9,1.7,53.5,0.0,0.1,33.3,0.0,0.1,20.0,0.0,0.1,27.3,1.3,3.7,34.3
450,Nikola Vucevic,CHI,31,2.8,4.2,68.4,1.9,3.9,49.5,1.3,3.2,39.7,0.0,0.2,25.0,0.0,0.1,33.3,0.1,0.3,28.6,1.3,4.2,31.9
451,Norman Powell,LAC,29,2.2,4.2,53.5,0.8,1.9,41.7,0.9,1.8,47.6,0.5,1.1,44.7,0.3,0.8,35.1,0.8,1.9,40.5,1.6,3.7,42.3
452,Norvel Pelle,UTA,29,1.0,1.7,60.0,0.0,0.0,0.0,0.0,0.0,0.0,0.0,0.0,0.0,0.0,0.0,0.0,0.0,0.0,0.0,0.0,0.0,0.0
453,O.G. Anunoby,TOR,24,2.8,4.4,64.8,0.6,1.7,35.0,0.6,1.9,33.0,0.5,1.1,47.2,0.4,1.0,44.7,1.0,2.1,46.0,1.4,4.5,31.9
454,Obi Toppin,NYK,24,2.6,3.6,72.0,0.2,0.5,32.4,0.1,0.2,25.0,0.3,0.9,36.1,0.1,0.3,31.8,0.4,1.2,34.9,0.3,1.1,26.8
455,Olivier Sarr,OKC,23,1.2,1.8,65.8,0.7,1.3,55.6,0.2,0.3,71.4,0.0,0.2,0.0,0.1,0.2,33.3,0.1,0.4,14.3,0.5,1.0,54.5
456,Omer Yurtseven,MIA,24,1.6,2.4,67.7,0.7,1.7,43.2,0.1,0.5,23.8,0.0,0.0,0.0,0.0,0.0,0.0,0.0,0.0,0.0,0.0,0.2,11.1
457,Onyeka Okongwu,ATL,21,2.6,3.5,74.1,0.6,1.1,54.5,0.0,0.0,0.0,0.0,0.0,0.0,0.0,0.0,0.0,0.0,0.0,0.0,0.0,0.0,0.0
458,Oshae Brissett,IND,24,1.6,2.9,54.9,0.2,0.8,26.4,0.1,0.3,19.0,0.3,0.7,42.2,0.2,0.6,32.4,0.5,1.2,37.8,0.8,2.3,34.0
459,Otto Porter Jr.,GSW,29,1.0,1.4,71.3,0.4,0.9,45.6,0.4,0.9,44.1,0.1,0.4,28.6,0.2,0.4,36.0,0.3,0.8,32.1,1.0,2.5,38.8
460,P.J. Dozier,DEN,25,0.6,0.9,68.8,0.2,0.9,18.8,0.4,1.1,36.8,0.1,0.4,25.0,0.1,0.4,28.6,0.2,0.8,26.7,0.6,1.8,33.3
461,P.J. Tucker,MIA,37,0.9,1.5,58.3,0.7,1.4,53.5,0.2,0.4,37.9,0.4,1.2,34.5,0.6,1.2,47.7,1.0,2.4,41.3,0.1,0.3,45.0
462,P.J. Washington,CHA,23,1.8,2.7,67.1,0.3,0.8,43.1,0.0,0.1,28.6,0.2,0.6,41.7,0.1,0.6,22.0,0.4,1.2,31.2,1.3,3.4,38.9
463,Paris Bass,PHX,26,1.0,1.0,100,0.0,1.0,0.0,0.0,0.0,0.0,-,-,-,-,-,-,-,-,-,0.0,1.0,0.0
464,Pascal Siakam,TOR,28,3.3,4.9,66.8,3.3,6.5,50.2,1.1,3.2,35.8,0.2,0.3,64.7,0.1,0.4,36.0,0.3,0.6,47.6,0.8,2.6,31.4
465,Pat Connaughton,MIL,29,1.0,1.4,71.1,0.2,0.4,50.0,0.1,0.2,41.7,0.4,0.7,52.3,0.4,1.0,40.3,0.8,1.7,45.0,1.5,4.0,37.2
466,Patrick Beverley,MIN,33,0.8,1.4,56.1,0.7,1.5,44.3,0.2,0.4,37.5,0.3,0.5,55.6,0.2,0.5,39.3,0.4,0.9,47.3,1.0,3.2,30.6
467,Patrick Williams,CHI,20,1.2,1.7,69.0,0.5,1.1,44.4,0.6,1.5,42.3,0.1,0.4,33.3,0.2,0.4,66.7,0.4,0.7,50.0,0.5,1.0,52.9
468,Patty Mills,BKN,33,0.5,0.8,62.9,0.1,0.4,34.5,0.6,1.7,35.6,0.4,1.0,44.2,0.4,1.0,38.0,0.8,1.9,41.0,2.0,5.0,39.9
469,Paul George,LAC,32,2.2,3.7,59.5,1.1,2.9,38.2,2.4,5.6,42.5,0.4,0.6,55.0,0.4,0.7,56.5,0.8,1.4,55.8,2.2,6.9,31.3
470,Paul Millsap,PHI,37,0.7,1.4,52.2,0.3,0.6,47.6,0.1,0.4,23.1,0.0,0.3,0.0,0.0,0.2,20.0,0.0,0.4,7.7,0.2,0.7,31.8
471,Paul Reed,PHI,23,1.4,2.0,69.6,0.1,0.5,20.0,0.0,0.1,25.0,0.0,0.1,0.0,0.0,0.1,0.0,0.0,0.2,0.0,0.1,0.1,100
472,Paul Watson,OKC,27,0.4,0.5,75.0,0.3,0.6,60.0,0.0,0.0,0.0,0.3,0.9,28.6,0.1,0.6,20.0,0.3,1.3,25.0,0.3,1.6,21.4
473,Payton Pritchard,BOS,24,0.3,0.7,53.3,0.1,0.4,34.5,0.4,0.8,47.3,0.2,0.3,55.0,0.2,0.4,59.1,0.4,0.6,57.1,1.1,2.8,37.6
474,Petr Cornelie,DEN,26,0.3,0.5,60.0,0.1,0.1,100.0,0.0,0.1,0.0,0.0,0.2,0.0,0.0,0.3,0.0,0.0,0.4,0.0,0.1,0.4,20.0
475,Precious Achiuwa,TOR,22,1.9,3.3,59.0,0.7,2.0,35.8,0.2,0.8,24.6,0.1,0.6,25.0,0.2,0.4,40.7,0.3,0.9,31.3,0.5,1.2,39.8
476,Quentin Grimes,NYK,22,0.3,0.5,65.2,0.0,0.1,0.0,0.2,0.5,42.1,0.4,0.8,48.5,0.2,0.5,35.3,0.6,1.3,44.0,1.2,3.3,36.0
477,Quinndary Weatherspoon,GSW,25,0.9,1.2,75.0,0.2,0.4,50.0,0.0,0.0,0.0,0.0,0.0,0.0,0.0,0.2,0.0,0.0,0.1,0.0,0.1,0.4,25.0
478,R.J. Hampton,ORL,21,1.0,2.2,47.5,0.6,1.6,36.5,0.1,0.5,21.9,0.1,0.3,33.3,0.1,0.2,46.7,0.2,0.6,38.9,0.8,2.3,34.5
479,RJ Barrett,NYK,22,3.5,6.3,54.9,1.1,3.7,30.7,0.4,1.3,31.2,0.2,0.6,27.9,0.3,0.9,33.9,0.5,1.5,31.4,1.5,4.2,35.0
480,RJ Nembhard Jr.,CLE,23,0.4,0.6,75.0,0.0,0.4,0.0,0.0,0.2,0.0,0.0,0.0,0.0,0.0,0.0,0.0,0.0,0.0,0.0,0.0,0.1,0.0
481,Rajon Rondo,CLE,36,0.7,1.3,54.0,0.2,0.7,25.0,0.1,0.3,27.3,0.0,0.2,16.7,0.1,0.1,40.0,0.1,0.3,27.3,0.7,1.9,36.8
482,Raul Neto,WAS,30,1.2,1.8,64.0,1.0,2.3,40.9,0.3,0.5,64.9,0.0,0.1,28.6,0.0,0.2,30.0,0.1,0.3,29.4,0.4,1.4,29.7
483,Rayjon Tucker,MIL,24,0.4,0.4,100,0.0,0.0,0.0,0.0,0.4,0.0,0.0,0.0,0.0,0.3,0.3,100,0.2,0.2,100,0.6,0.8,75.0
484,Reggie Bullock,DAL,31,0.5,0.7,68.0,0.1,0.4,32.1,0.3,0.5,54.5,0.6,1.5,38.0,0.5,1.2,42.0,1.1,2.7,39.8,1.0,3.1,32.5
485,Reggie Jackson,LAC,32,1.8,3.1,56.9,1.5,3.3,44.8,0.9,3.0,29.8,0.2,0.6,33.3,0.3,0.7,39.2,0.5,1.3,36.4,1.7,5.5,31.9
486,Reggie Perry,POR,22,2.5,3.2,78.1,0.7,2.2,31.8,0.5,0.9,55.6,0.0,0.0,0.0,0.0,0.1,0.0,0.0,0.1,0.0,0.3,1.5,20.0
487,Richaun Holmes,SAC,28,2.8,3.7,75.8,1.4,2.6,54.7,0.2,0.3,53.8,0.0,0.0,0.0,0.0,0.0,100,0.0,0.0,100,0.0,0.1,25.0
488,Ricky Rubio,IND,31,1.2,2.7,43.0,0.7,2.1,34.7,0.7,2.1,34.2,0.4,1.1,36.8,0.1,0.5,25.0,0.5,1.6,33.3,1.2,3.4,35.0
489,Rob Edwards,OKC,25,0.0,0.0,0.0,0.0,0.0,0.0,0.0,0.0,0.0,0.0,2.0,0.0,0.0,0.0,0.0,0.0,2.0,0.0,0.5,1.0,50.0
490,Robert Covington,LAC,31,0.9,1.5,59.6,0.2,0.5,32.4,0.1,0.2,31.3,0.2,0.4,50.0,0.3,0.6,59.0,0.5,1.0,55.1,1.3,3.8,33.3
491,Robert Williams III,BOS,24,4.1,5.2,78.8,0.3,0.7,43.9,0.1,0.2,40.0,0.0,0.0,0.0,0.0,0.0,0.0,0.0,0.0,0.0,0.0,0.0,0.0
492,Robert Woodard II,SAS,22,0.1,0.5,20.0,0.0,0.4,0.0,0.0,0.3,0.0,0.0,0.0,0.0,0.0,0.5,0.0,0.0,0.2,0.0,0.1,0.3,33.3
493,Robin Lopez,ORL,34,1.3,2.0,66.7,1.6,2.9,54.8,0.1,0.5,17.6,0.0,0.0,100,0.0,0.0,0.0,0.0,0.0,100,0.0,0.1,25.0
494,Rodney Hood,LAC,29,0.3,0.3,81.3,0.1,0.3,33.3,0.2,0.7,29.4,0.1,0.3,50.0,0.1,0.4,26.7,0.2,0.6,37.0,0.4,1.2,30.6
495,Rodney McGruder,DET,30,0.5,0.9,59.1,0.1,0.4,33.3,0.1,0.3,50.0,0.5,1.0,46.7,0.2,0.6,39.3,0.7,1.5,43.8,0.5,1.4,36.1
496,Romeo Langford,SAS,22,0.7,1.1,59.6,0.3,0.8,42.1,0.1,0.3,43.8,0.1,0.4,22.2,0.3,0.7,37.9,0.3,1.1,31.9,0.3,0.8,37.8
497,Royce O'Neale,UTA,29,0.9,1.4,67.3,0.1,0.3,42.3,0.0,0.1,20.0,0.3,0.7,39.6,0.2,0.6,37.5,0.5,1.3,38.6,1.0,2.6,39.2
498,Rudy Gay,UTA,35,0.9,1.2,73.4,0.3,1.0,28.1,0.4,1.0,43.6,0.2,0.5,37.0,0.2,0.6,36.4,0.4,1.1,36.7,0.9,2.6,33.6
499,Rudy Gobert,UTA,30,5.2,6.7,76.9,0.3,0.9,34.5,0.0,0.0,0.0,0.0,0.0,0.0,0.0,0.0,0.0,0.0,0.0,0.0,0.0,0.0,0.0
500,Rui Hachimura,WAS,24,1.7,2.2,76.1,0.6,1.5,41.3,0.9,2.5,35.0,0.2,0.4,35.3,0.2,0.5,52.6,0.4,0.9,44.4,0.9,2.1,44.8
501,Russell Westbrook,LAL,33,4.0,6.9,58.3,0.9,2.6,34.0,1.1,2.9,38.3,0.2,0.5,50.0,0.1,0.2,33.3,0.3,0.7,45.1,0.7,2.7,26.2
502,Ryan Arcidiacono,NYK,28,0.0,0.0,0.0,0.3,0.3,100.0,0.0,0.2,0.0,0.2,0.2,100,0.3,0.5,50.0,0.3,0.4,66.7,0.2,0.6,33.3
503,Saben Lee,DET,23,1.3,2.3,57.1,0.2,0.7,22.2,0.0,0.2,16.7,0.1,0.3,30.0,0.0,0.1,0.0,0.1,0.4,21.4,0.3,1.2,23.9
504,Saddiq Bey,DET,23,1.7,3.0,57.8,0.6,1.8,31.8,0.6,1.6,38.1,0.5,1.2,38.4,0.3,0.8,40.3,0.8,2.0,39.1,1.8,5.4,33.6
505,Sam Dekker,TOR,28,0.0,0.0,0.0,0.0,0.0,0.0,-,-,-,-,-,-,0.0,0.0,0.0,0.0,0.0,0.0,-,-,-
506,Sam Hauser,BOS,24,0.2,0.2,80.0,0.0,0.0,0.0,0.0,0.0,0.0,0.2,0.4,42.9,0.3,0.5,62.5,0.4,0.7,53.3,0.4,1.2,37.9
507,Sam Merrill,MEM,26,0.2,0.2,100,0.0,0.0,0.0,0.0,0.0,0.0,0.3,1.0,25.0,0.0,0.3,0.0,0.3,1.3,20.0,1.0,3.0,33.3
508,Sandro Mamukelashvili,MIL,23,0.8,1.2,62.5,0.1,0.3,33.3,0.0,0.1,33.3,0.1,0.2,60.0,0.0,0.3,12.5,0.1,0.4,30.8,0.5,1.0,46.2
509,Santi Aldama,MEM,21,1.1,1.7,64.8,0.3,0.8,40.7,0.0,0.1,33.3,0.0,0.2,0.0,0.2,0.4,50.0,0.2,0.5,33.3,0.1,1.1,5.6
510,Scottie Barnes,TOR,20,2.9,4.1,71.0,1.7,3.9,43.5,0.9,2.1,40.9,0.1,0.2,29.4,0.2,0.5,37.5,0.3,0.8,35.1,0.5,1.7,27.9
511,Scottie Lewis,CHA,22,0.0,0.0,0.0,0.0,0.0,0.0,0.0,0.0,0.0,0.0,0.0,0.0,-,-,-,0.0,0.0,0.0,0.0,0.0,0.0
512,Scotty Hopson,OKC,32,0.0,0.0,0.0,0.0,1.0,0.0,2.0,2.0,100,0.0,0.0,0.0,0.0,0.0,0.0,0.0,0.0,0.0,0.0,1.0,0.0
513,Sekou Doumbouya,LAL,21,2.0,2.5,80.0,0.0,0.5,0.0,0.0,0.0,0.0,0.0,0.0,0.0,0.0,0.0,0.0,0.0,0.0,0.0,0.5,1.0,50.0
514,Semi Ojeleye,LAC,27,0.2,0.4,58.3,0.2,1.0,20.0,0.1,0.2,28.6,0.0,0.4,11.1,0.1,0.4,30.0,0.2,0.7,21.1,0.4,1.0,36.7
515,Serge Ibaka,MIL,32,1.0,1.4,72.0,0.7,1.3,51.4,0.4,0.9,40.0,0.0,0.1,33.3,0.0,0.1,20.0,0.1,0.2,27.3,0.6,1.6,38.6
516,Seth Curry,BKN,31,0.6,0.8,66.7,0.7,1.3,53.7,1.9,3.6,53.0,0.3,0.6,50.0,0.3,0.6,47.4,0.6,1.2,48.6,1.9,4.7,40.8
517,Shai Gilgeous-Alexander,OKC,23,3.5,5.6,61.9,2.5,5.7,43.9,0.9,2.1,43.7,0.1,0.3,28.6,0.1,0.2,45.5,0.2,0.4,36.0,1.4,4.9,29.4
518,Shake Milton,PHI,25,1.2,2.0,60.0,0.9,2.0,44.4,0.3,1.0,30.2,0.1,0.3,35.3,0.1,0.4,41.2,0.2,0.6,38.2,0.5,1.8,30.9
519,Shaq Buchanan,MEM,25,0.5,1.0,50.0,0.0,0.0,0.0,0.0,0.0,0.0,0.0,0.0,0.0,0.0,0.0,0.0,0.0,0.0,0.0,0.0,1.0,0.0
520,Shaquille Harrison,BKN,28,1.0,1.5,66.7,0.0,0.5,0.0,0.0,0.0,0.0,0.0,0.0,0.0,0.0,2.0,0.0,0.0,2.0,0.0,0.0,0.0,0.0
521,Sharife Cooper,ATL,21,0.2,0.8,25.0,0.0,0.0,0.0,0.0,0.0,0.0,0.0,0.0,0.0,0.0,0.4,0.0,0.0,0.2,0.0,0.1,0.3,25.0
522,Skylar Mays,ATL,24,0.7,1.1,65.5,0.1,0.3,33.3,0.1,0.2,75.0,0.1,0.5,22.2,0.0,0.0,0.0,0.1,0.4,22.2,0.2,0.6,37.5
523,Solomon Hill,ATL,31,0.1,0.5,16.7,0.0,0.1,0.0,0.0,0.0,0.0,0.1,0.3,33.3,0.0,0.0,0.0,0.1,0.3,33.3,0.1,0.7,11.1
524,Spencer Dinwiddie,DAL,29,1.5,2.4,61.9,1.0,2.5,38.8,0.5,1.2,38.8,0.1,0.4,40.0,0.2,0.5,34.3,0.3,0.9,36.7,1.3,4.0,33.5
525,Stanley Johnson,LAL,26,1.1,1.7,65.9,0.4,1.0,44.7,0.2,0.4,50.0,0.2,0.5,33.3,0.1,0.5,20.8,0.3,0.9,26.7,0.4,1.2,35.6
526,Stephen Curry,GSW,34,1.9,3.2,60.8,1.0,2.1,48.9,0.9,2.1,44.0,0.2,0.6,33.3,0.2,0.6,29.7,0.4,1.2,31.6,4.1,10.4,39.1
527,Sterling Brown,DAL,27,0.4,0.8,55.3,0.1,0.3,35.7,0.1,0.2,41.7,0.2,0.6,24.0,0.1,0.6,22.7,0.2,1.0,23.4,0.3,0.9,39.5
528,Steven Adams,MEM,28,2.3,3.8,60.6,0.4,1.1,37.9,0.0,0.1,33.3,0.0,0.0,0.0,0.0,0.0,0.0,0.0,0.0,0.0,0.0,0.0,0.0
529,Svi Mykhailiuk,TOR,25,0.6,1.1,58.6,0.2,0.4,40.9,0.1,0.4,33.3,0.2,0.5,36.4,0.2,0.5,42.9,0.4,0.9,39.5,0.4,1.6,26.7
530,T.J. McConnell,IND,30,1.6,2.7,58.3,1.3,2.4,53.1,0.5,1.4,35.9,0.0,0.2,16.7,0.1,0.3,33.3,0.1,0.4,25.0,0.3,0.7,36.8
531,Tacko Fall,CLE,26,0.5,0.7,62.5,0.0,0.4,0.0,0.0,0.0,0.0,0.0,0.0,0.0,0.0,0.0,0.0,0.0,0.0,0.0,0.0,0.0,0.0
532,Taj Gibson,NYK,37,0.9,1.4,64.9,0.3,0.5,50.0,0.2,0.5,35.7,0.1,0.2,36.4,0.2,0.3,60.0,0.3,0.5,50.0,0.0,0.2,16.7
533,Talen Horton-Tucker,LAL,21,2.1,3.4,60.9,0.5,1.5,34.4,0.4,1.1,32.3,0.1,0.3,37.5,0.1,0.4,23.8,0.2,0.6,29.7,0.6,2.4,26.4
534,Taurean Prince,MIN,28,0.8,1.2,66.7,0.3,0.7,44.7,0.3,0.5,48.6,0.4,0.8,47.2,0.3,0.7,40.0,0.6,1.4,43.9,0.6,1.8,32.8
535,Terance Mann,LAC,25,2.1,3.2,66.4,0.7,1.5,43.2,0.4,1.2,33.7,0.2,0.4,42.4,0.2,0.7,34.0,0.4,1.1,37.2,0.5,1.5,37.3
536,Terence Davis,SAC,25,1.6,2.6,60.8,0.3,0.8,39.1,0.2,0.5,43.8,0.2,0.7,35.0,0.2,0.5,36.4,0.4,1.0,35.5,1.3,3.9,32.5
537,Terrence Ross,ORL,31,0.8,1.2,67.6,0.6,1.3,46.4,0.9,2.1,40.6,0.2,0.5,34.5,0.0,0.1,25.0,0.2,0.6,32.4,1.0,3.5,29.3
538,Terry Rozier,CHA,28,2.1,3.5,59.9,1.1,2.6,43.9,0.8,1.8,45.8,0.9,2.2,40.5,0.4,0.9,43.1,1.3,3.1,41.3,1.8,5.0,35.5
539,Terry Taylor,IND,22,2.9,4.0,72.7,0.7,1.3,54.8,0.1,0.2,50.0,0.1,0.5,26.7,0.2,0.4,45.5,0.3,0.8,34.6,0.1,0.3,27.3
540,Thaddeus Young,TOR,34,1.6,2.7,59.0,0.7,1.4,51.4,0.1,0.3,38.5,0.2,0.5,50.0,0.1,0.2,37.5,0.3,0.6,46.7,0.1,0.4,16.7
541,Thanasis Antetokounmpo,MIL,29,1.5,2.3,66.0,0.0,0.3,16.7,0.0,0.1,40.0,0.0,0.2,20.0,0.0,0.0,0.0,0.0,0.2,16.7,0.0,0.1,14.3
542,Theo Maledon,OKC,21,0.6,1.2,48.3,0.8,1.9,44.7,0.1,0.3,30.8,0.1,0.4,21.1,0.0,0.2,22.2,0.1,0.6,21.4,0.8,2.4,31.1
543,Theo Pinson,DAL,26,0.1,0.1,50.0,0.1,0.3,25.0,0.1,0.2,66.7,0.4,0.4,100,0.0,0.1,0.0,0.3,0.3,75.0,0.4,1.4,26.9
544,Thomas Bryant,WAS,24,1.8,2.5,73.1,0.2,0.6,37.5,0.4,0.9,43.5,0.0,0.1,0.0,0.1,0.3,33.3,0.1,0.3,25.0,0.4,1.3,29.4
545,Tim Frazier,CLE,31,0.3,0.3,75.0,0.2,0.8,20.0,0.3,1.2,21.4,0.1,0.5,20.0,0.0,0.0,0.0,0.1,0.4,20.0,0.4,1.0,41.7
546,Tim Hardaway Jr.,DAL,30,0.9,1.5,62.9,0.5,1.1,39.6,1.2,2.8,42.9,0.2,0.8,31.3,0.3,0.8,34.4,0.5,1.5,32.8,1.9,5.5,33.9
547,Timothe Luwawu-Cabarrot,ATL,27,0.5,1.0,51.0,0.1,0.2,33.3,0.0,0.1,33.3,0.4,0.6,66.7,0.4,1.2,35.1,0.6,1.4,46.6,0.4,1.3,26.6
548,Tobias Harris,PHI,29,2.8,4.2,66.7,1.9,4.4,43.7,0.7,1.7,40.9,0.1,0.4,31.0,0.3,0.6,44.7,0.4,1.0,39.5,1.0,2.7,35.5
549,Tomas Satoransky,WAS,30,0.6,1.0,63.6,0.3,0.9,28.0,0.2,0.6,36.4,0.0,0.1,0.0,0.0,0.1,16.7,0.0,0.2,8.3,0.2,0.7,26.3
550,Tony Bradley,CHI,24,1.1,1.7,64.8,0.2,0.4,39.1,0.1,0.2,50.0,0.0,0.0,0.0,0.0,0.0,0.0,0.0,0.0,0.0,0.0,0.0,0.0
551,Tony Snell,NOP,30,0.3,0.4,72.7,0.1,0.3,28.6,0.1,0.2,50.0,0.2,0.7,32.1,0.3,0.8,38.2,0.4,1.2,35.5,0.4,1.2,35.4
552,Torrey Craig,PHX,31,1.1,1.6,68.5,0.3,0.6,54.2,0.1,0.4,31.3,0.3,0.7,36.0,0.3,0.7,36.7,0.5,1.3,36.4,0.5,1.7,30.8
553,Trae Young,ATL,23,2.4,4.0,59.3,2.1,4.8,43.3,1.8,3.5,52.8,0.1,0.1,70.0,0.1,0.3,47.4,0.2,0.4,55.2,2.9,7.6,37.4
554,Trayvon Palmer,DET,27,0.0,0.0,0.0,0.0,1.0,0.0,0.0,0.0,0.0,0.0,0.0,0.0,0.0,0.0,0.0,0.0,0.0,0.0,0.0,0.0,0.0
555,Tre Jones,SAS,22,1.1,1.8,59.3,0.9,1.8,49.6,0.3,0.6,52.5,0.1,0.2,23.1,0.0,0.2,18.2,0.1,0.4,20.8,0.1,0.3,20.8
556,Tre Mann,OKC,21,0.7,1.5,47.8,1.1,2.5,42.1,0.4,1.2,34.7,0.2,0.4,40.0,0.1,0.3,38.9,0.3,0.7,39.5,1.4,3.8,36.0
557,Tremont Waters,WAS,24,0.3,0.3,100,0.0,0.7,0.0,0.3,0.7,50.0,0.0,0.0,0.0,0.0,0.7,0.0,0.0,0.7,0.0,0.7,2.3,28.6
558,Trendon Watford,POR,21,1.9,2.6,72.0,0.8,1.9,43.5,0.1,0.3,25.0,0.0,0.1,0.0,0.0,0.2,14.3,0.0,0.2,9.1,0.2,0.6,29.6
559,Trent Forrest,UTA,24,0.6,1.0,61.0,0.5,1.0,50.8,0.1,0.2,50.0,0.0,0.2,9.1,0.1,0.1,50.0,0.1,0.3,23.5,0.0,0.1,12.5
560,Trevelin Queen,HOU,25,0.6,0.8,75.0,0.0,0.1,0.0,0.0,0.0,0.0,0.3,0.7,50.0,0.0,0.0,0.0,0.3,0.6,50.0,0.7,2.0,35.0
561,Trevon Scott,CLE,25,2.0,3.0,66.7,0.5,1.0,50.0,0.0,0.0,0.0,0.0,0.0,0.0,0.0,1.0,0.0,0.0,1.0,0.0,0.0,0.0,0.0
562,Trevor Ariza,LAL,37,0.5,0.9,61.9,0.0,0.1,0.0,0.0,0.0,0.0,0.1,0.5,15.4,0.2,0.7,25.0,0.3,1.2,20.7,0.6,1.9,31.1
563,Trey Burke,DAL,29,0.4,0.7,55.2,0.4,1.0,45.0,0.6,1.5,37.5,0.1,0.2,60.0,0.1,0.2,57.1,0.2,0.3,58.3,0.5,1.7,27.1
564,Trey Lyles,SAC,26,1.8,2.7,67.0,0.6,1.3,41.6,0.2,0.6,32.6,0.1,0.3,45.5,0.1,0.4,31.0,0.3,0.7,37.3,0.6,2.1,30.6
565,Trey Murphy III,NOP,22,0.5,1.0,51.6,0.1,0.3,22.2,0.0,0.2,18.2,0.3,0.7,47.1,0.4,0.8,46.3,0.6,1.3,46.7,0.6,1.8,32.7
566,Tristan Thompson,CHI,31,1.6,2.7,57.8,0.9,1.9,46.2,0.0,0.1,50.0,0.0,0.0,0.0,0.0,0.0,0.0,0.0,0.0,0.0,0.0,0.0,100
567,Troy Brown Jr.,CHI,22,0.7,1.3,54.1,0.1,0.4,39.1,0.1,0.3,38.9,0.2,0.7,33.3,0.3,0.8,34.1,0.5,1.4,33.8,0.3,0.8,38.0
568,Ty Jerome,OKC,24,0.3,0.7,50.0,1.0,2.0,50.0,0.1,0.3,43.8,0.1,0.3,26.7,0.2,0.4,52.9,0.3,0.7,40.6,0.9,3.2,26.8
569,Tyler Cook,CHI,24,1.0,1.6,62.5,0.2,0.3,50.0,0.0,0.0,0.0,0.0,0.0,0.0,0.0,0.0,0.0,0.0,0.0,0.0,0.0,0.0,0.0
570,Tyler Hall,NYK,25,0.0,0.0,0.0,0.0,0.0,0.0,-,-,-,-,-,-,-,-,-,-,-,-,0.0,0.0,0.0
571,Tyler Herro,MIA,22,1.8,3.0,61.5,1.5,3.3,45.7,1.6,4.1,39.2,0.3,0.6,46.3,0.3,0.9,38.6,0.6,1.5,41.8,2.0,5.1,40.0
572,Tyler Johnson,SAS,30,0.0,0.0,0.0,0.0,0.0,0.0,0.2,1.2,14.3,0.2,0.5,33.3,0.0,0.5,0.0,0.2,0.8,20.0,0.7,1.3,50.0
573,Tyrell Terry,MEM,21,0.0,0.0,0.0,0.0,0.0,0.0,1.0,1.0,100,-,-,-,-,-,-,-,-,-,0.0,0.0,0.0
574,Tyrese Haliburton,IND,22,1.2,1.9,64.4,1.2,2.6,45.6,1.0,2.2,47.9,0.2,0.4,40.0,0.2,0.3,50.0,0.3,0.7,44.6,1.8,4.2,42.0
575,Tyrese Maxey,PHI,21,2.6,4.1,62.3,1.2,2.9,42.6,0.9,2.2,41.1,0.1,0.3,57.9,0.3,0.5,57.5,0.5,0.8,57.6,1.3,3.3,39.6
576,Tyrone Wallace,NOP,28,0.8,1.2,71.4,0.0,0.7,0.0,0.2,0.3,50.0,0.2,0.4,50.0,0.0,0.3,0.0,0.2,0.5,33.3,0.0,0.7,0.0
577,Tyus Jones,MEM,26,0.5,0.9,58.0,1.3,2.7,48.0,0.5,1.1,41.3,0.2,0.4,44.4,0.1,0.2,31.3,0.2,0.6,39.5,0.9,2.2,39.4
578,Udoka Azubuike,UTA,22,2.1,2.6,81.0,0.2,0.5,42.9,0.0,0.0,0.0,0.0,0.0,0.0,0.0,0.0,0.0,0.0,0.0,0.0,0.0,0.0,0.0
579,Udonis Haslem,MIA,42,0.8,1.2,64.3,0.0,0.3,0.0,0.4,0.8,44.4,0.0,0.0,0.0,0.1,0.4,33.3,0.1,0.3,33.3,0.0,0.1,0.0
580,Usman Garuba,HOU,20,0.6,0.9,63.6,0.0,0.1,0.0,0.0,0.0,0.0,0.0,0.1,0.0,0.0,0.3,0.0,0.0,0.3,0.0,0.2,0.6,33.3
581,Vernon Carey Jr.,WAS,21,1.2,1.6,75.0,0.0,0.2,0.0,0.2,0.7,25.0,0.0,0.0,0.0,0.0,0.0,0.0,0.0,0.0,0.0,0.0,0.0,0.0
582,Victor Oladipo,MIA,30,1.5,2.4,63.2,0.4,1.0,37.5,0.6,1.3,50.0,0.4,0.5,75.0,0.1,0.1,100,0.5,0.6,80.0,1.4,3.8,36.7
583,Vit Krejci,OKC,22,0.8,1.2,68.6,0.3,0.9,33.3,0.1,0.2,42.9,0.2,0.4,45.5,0.1,0.4,40.0,0.3,0.8,42.9,0.8,2.6,30.3
584,Vlatko Cancar,DEN,25,1.0,1.4,73.7,0.1,0.5,25.0,0.0,0.1,0.0,0.2,0.5,40.0,0.0,0.0,0.0,0.1,0.4,40.0,0.3,0.5,71.4
585,Wayne Ellington,LAL,34,0.2,0.3,75.0,0.1,0.2,71.4,0.0,0.2,28.6,0.4,0.9,42.4,0.4,0.8,51.7,0.7,1.5,46.8,1.2,3.5,35.6
586,Wayne Selden,NYK,27,0.0,0.0,0.0,0.0,0.7,0.0,0.0,0.0,0.0,0.0,0.5,0.0,0.0,0.0,0.0,0.0,0.5,0.0,0.3,0.3,100
587,Wendell Carter Jr.,ORL,23,3.1,4.1,74.7,1.0,2.2,43.4,0.6,1.2,49.4,0.1,0.2,40.0,0.0,0.1,25.0,0.1,0.4,34.8,1.0,3.1,32.6
588,Wenyen Gabriel,LAL,25,1.6,2.4,65.1,0.2,0.7,29.4,0.0,0.1,0.0,0.0,0.3,16.7,0.2,0.6,30.0,0.2,0.7,25.0,0.2,0.5,33.3
589,Wes Iwundu,ATL,27,0.7,2.3,28.6,0.0,0.0,0.0,1.0,2.0,50.0,0.3,0.3,100,0.0,1.0,0.0,0.3,1.0,33.3,0.7,0.7,100
590,Wesley Matthews,MIL,35,0.6,0.8,65.9,0.1,0.4,36.8,0.0,0.1,0.0,0.3,0.8,40.5,0.2,0.6,29.6,0.5,1.3,35.9,0.6,1.9,32.3
591,Will Barton,DEN,31,2.0,3.0,64.4,0.8,2.0,40.4,0.5,1.5,35.8,0.3,0.7,42.3,0.3,0.6,46.7,0.6,1.4,44.3,1.6,4.7,34.3
592,Willie Cauley-Stein,PHI,28,0.7,1.2,56.5,0.1,0.4,25.0,0.0,0.1,0.0,0.0,0.0,0.0,0.0,0.0,0.0,0.0,0.0,0.0,0.1,0.1,50.0
593,Willy Hernangomez,NOP,28,2.6,4.5,58.4,0.7,1.8,41.4,0.0,0.2,22.2,0.0,0.0,0.0,0.0,0.0,0.0,0.0,0.0,0.0,0.1,0.2,40.0
594,Xavier Moon,LAC,27,0.3,0.6,50.0,0.1,0.5,20.0,1.6,2.6,61.5,0.0,0.1,0.0,0.0,0.0,0.0,0.0,0.1,0.0,0.5,1.3,38.5
595,Xavier Sneed,UTA,24,0.1,0.1,100,0.0,0.1,0.0,0.0,0.0,0.0,0.0,0.3,0.0,0.0,0.3,0.0,0.0,0.5,0.0,0.1,0.4,25.0
596,Xavier Tillman,MEM,23,1.1,1.8,60.4,0.5,1.1,47.3,0.1,0.3,25.0,0.1,0.2,44.4,0.0,0.1,20.0,0.1,0.3,35.7,0.1,0.7,14.3
597,Yuta Watanabe,TOR,27,0.4,0.7,59.3,0.2,0.6,30.0,0.2,0.3,58.3,0.3,0.6,52.9,0.2,0.6,27.8,0.4,1.1,40.0,0.4,1.2,29.5
598,Yves Pons,MEM,23,0.1,0.4,25.0,0.1,0.3,33.3,0.0,0.0,0.0,0.1,0.1,100,0.3,0.6,50.0,0.3,0.6,60.0,0.0,0.4,0.0
599,Zach Collins,SAS,24,1.4,2.1,66.7,0.4,1.2,35.3,0.4,0.7,50.0,0.1,0.1,100,0.0,0.0,0.0,0.1,0.1,66.7,0.4,1.4,31.6
600,Zach LaVine,CHI,27,3.6,5.2,68.8,0.6,1.7,33.9,1.5,3.7,40.9,0.3,0.6,45.9,0.3,0.5,58.3,0.6,1.1,52.1,2.2,6.0,36.6
601,Zavier Simpson,OKC,25,2.3,4.3,52.9,2.3,5.5,40.9,0.0,1.3,0.0,0.0,0.0,0.0,0.0,0.0,0.0,0.0,0.0,0.0,0.3,2.0,12.5
602,Zeke Nnaji,DEN,21,1.2,1.9,67.1,0.1,0.4,22.2,0.1,0.3,33.3,0.2,0.4,47.1,0.3,0.5,52.9,0.4,0.9,50.0,0.5,1.1,43.5
603,Ziaire Williams,MEM,20,1.1,1.4,83.3,0.3,0.8,41.2,0.4,0.8,49.0,0.3,1.3,27.4,0.4,0.8,44.7,0.7,2.0,34.2,0.6,1.9,29.7
604,Zylan Cheatham,UTA,26,0.0,1.0,0.0,0.0,0.0,0.0,0.0,0.0,0.0,0.0,1.0,0.0,0.0,0.0,0.0,0.0,1.0,0.0,0.0,1.0,0.0
